ufc/ml,pH_initial_,0_2_hours,2_4_hours,4_6_hours,6_8_hours,8_10_hours,10_12_hours,12_16_hours,16_20_hours,20_24_hours,ph_acidification,ph_delta
10.62,7.0,11.79,10.94,12.96,14.12,11.68,11.79,10.62,10.94,10.51,5.8,0.81
10.62,7.0,11.79,10.94,12.96,14.12,11.68,11.79,10.62,10.94,10.51,5.38,0.76
10.62,5.0,11.79,10.94,12.96,14.12,11.68,11.79,10.62,10.94,10.51,5.0,1.0
9.18,7.0,10.19,9.46,11.2,12.21,10.1,10.19,9.18,9.46,9.09,5.69,0.79
10.62,4.0,11.79,10.94,12.96,14.12,11.68,11.79,10.62,10.94,10.51,4.0,1.0
10.62,5.0,11.79,10.94,12.96,14.12,11.68,11.79,10.62,10.94,10.51,5.0,1.0
9.18,7.0,10.19,9.46,11.2,12.21,10.1,10.19,9.18,9.46,9.09,5.41,0.75
9.18,4.0,10.19,9.46,11.2,12.21,10.1,10.19,9.18,9.46,9.09,4.0,1.0
10.62,5.0,11.79,10.94,12.96,14.12,11.68,11.79,10.62,10.94,10.51,5.0,1.0
10.62,7.0,11.79,10.94,12.96,14.12,11.68,11.79,10.62,10.94,10.51,5.88,0.82
10.62,4.0,11.79,10.94,12.96,14.12,11.68,11.79,10.62,10.94,10.51,4.0,1.0
9.18,7.0,10.19,9.46,11.2,12.21,10.1,10.19,9.18,9.46,9.09,5.05,0.73
10.62,5.0,11.79,10.94,12.96,14.12,11.68,11.79,10.62,10.94,10.51,5.0,1.0
9.18,7.0,10.19,9.46,11.2,12.21,10.1,10.19,9.18,9.46,9.09,5.37,0.85
10.62,5.0,11.79,10.94,12.96,14.12,11.68,11.79,10.62,10.94,10.51,5.0,1.0
10.62,5.0,11.79,10.94,12.96,14.12,11.68,11.79,10.62,10.94,10.51,5.0,1.0
9.18,6.0,10.19,9.46,11.2,12.21,10.1,10.19,9.18,9.46,9.09,4.14,0.73
9.18,5.0,10.19,9.46,11.2,12.21,10.1,10.19,9.18,9.46,9.09,5.0,1.0
9.18,6.0,10.19,9.46,11.2,12.21,10.1,10.19,9.18,9.46,9.09,4.93,0.8
10.62,5.0,11.79,10.94,12.96,14.12,11.68,11.79,10.62,10.94,10.51,5.0,1.0
10.62,4.0,11.79,10.94,12.96,14.12,11.68,11.79,10.62,10.94,10.51,4.0,1.0
10.62,5.0,11.79,10.94,12.96,14.12,11.68,11.79,10.62,10.94,10.51,5.0,1.0
9.18,4.0,10.19,9.46,11.2,12.21,10.1,10.19,9.18,9.46,9.09,4.0,1.0
10.62,6.0,11.79,10.94,12.96,14.12,11.68,11.79,10.62,10.94,10.51,4.61,0.68
10.62,6.0,11.79,10.94,12.96,14.12,11.68,11.79,10.62,10.94,10.51,4.16,0.7
10.62,7.0,11.79,10.94,12.96,14.12,11.68,11.79,10.62,10.94,10.51,5.56,0.78
10.62,7.0,11.79,10.94,12.96,14.12,11.68,11.79,10.62,10.94,10.51,5.64,0.81
10.62,5.0,11.79,10.94,12.96,14.12,11.68,11.79,10.62,10.94,10.51,5.0,1.0
10.62,7.0,11.79,10.94,12.96,14.12,11.68,11.79,10.62,10.94,10.51,5.7,0.85
10.62,5.0,11.79,10.94,12.96,14.12,11.68,11.79,10.62,10.94,10.51,5.0,1.0
10.62,7.0,11.79,10.94,12.96,14.12,11.68,11.79,10.62,10.94,10.51,5.36,0.78
10.62,7.0,11.79,10.94,12.96,14.12,11.68,11.79,10.62,10.94,10.51,5.53,0.72
10.62,4.0,11.79,10.94,12.96,14.12,11.68,11.79,10.62,10.94,10.51,4.0,1.0
10.62,7.0,11.79,10.94,12.96,14.12,11.68,11.79,10.62,10.94,10.51,5.52,0.84
10.62,6.0,11.79,10.94,12.96,14.12,11.68,11.79,10.62,10.94,10.51,4.18,0.73
10.62,6.0,11.79,10.94,12.96,14.12,11.68,11.79,10.62,10.94,10.51,4.87,0.81
10.62,5.0,11.79,10.94,12.96,14.12,11.68,11.79,10.62,10.94,10.51,5.0,1.0
9.18,5.0,10.19,9.46,11.2,12.21,10.1,10.19,9.18,9.46,9.09,5.0,1.0
10.62,5.0,11.79,10.94,12.96,14.12,11.68,11.79,10.62,10.94,10.51,5.0,1.0
10.62,6.0,11.79,10.94,12.96,14.12,11.68,11.79,10.62,10.94,10.51,4.63,0.68
10.62,6.0,11.79,10.94,12.96,14.12,11.68,11.79,10.62,10.94,10.51,4.66,0.82
9.18,5.0,10.19,9.46,11.2,12.21,10.1,10.19,9.18,9.46,9.09,5.0,1.0
9.18,5.0,10.19,9.46,11.2,12.21,10.1,10.19,9.18,9.46,9.09,5.0,1.0
10.62,5.0,11.79,10.94,12.96,14.12,11.68,11.79,10.62,10.94,10.51,5.0,1.0
10.62,7.0,11.79,10.94,12.96,14.12,11.68,11.79,10.62,10.94,10.51,5.55,0.75
10.62,7.0,11.79,10.94,12.96,14.12,11.68,11.79,10.62,10.94,10.51,5.34,0.72
10.62,4.0,11.79,10.94,12.96,14.12,11.68,11.79,10.62,10.94,10.51,4.0,1.0
10.62,6.0,11.79,10.94,12.96,14.12,11.68,11.79,10.62,10.94,10.51,4.63,0.81
9.18,7.0,10.19,9.46,11.2,12.21,10.1,10.19,9.18,9.46,9.09,5.37,0.81
10.62,5.0,11.79,10.94,12.96,14.12,11.68,11.79,10.62,10.94,10.51,5.0,1.0
10.62,7.0,11.79,10.94,12.96,14.12,11.68,11.79,10.62,10.94,10.51,5.18,0.81
9.18,6.0,10.19,9.46,11.2,12.21,10.1,10.19,9.18,9.46,9.09,4.49,0.79
9.18,5.0,10.19,9.46,11.2,12.21,10.1,10.19,9.18,9.46,9.09,5.0,1.0
10.62,6.0,11.79,10.94,12.96,14.12,11.68,11.79,10.62,10.94,10.51,4.4,0.78
10.62,7.0,11.79,10.94,12.96,14.12,11.68,11.79,10.62,10.94,10.51,5.73,0.84
10.62,7.0,11.79,10.94,12.96,14.12,11.68,11.79,10.62,10.94,10.51,5.15,0.75
9.18,4.0,10.19,9.46,11.2,12.21,10.1,10.19,9.18,9.46,9.09,4.0,1.0
10.62,5.0,11.79,10.94,12.96,14.12,11.68,11.79,10.62,10.94,10.51,5.0,1.0
9.18,7.0,10.19,9.46,11.2,12.21,10.1,10.19,9.18,9.46,9.09,5.22,0.82
10.62,5.0,11.79,10.94,12.96,14.12,11.68,11.79,10.62,10.94,10.51,5.0,1.0
10.62,6.0,11.79,10.94,12.96,14.12,11.68,11.79,10.62,10.94,10.51,4.97,0.74
10.62,4.0,11.79,10.94,12.96,14.12,11.68,11.79,10.62,10.94,10.51,4.0,1.0
9.18,7.0,10.19,9.46,11.2,12.21,10.1,10.19,9.18,9.46,9.09,5.12,0.78
9.18,7.0,10.19,9.46,11.2,12.21,10.1,10.19,9.18,9.46,9.09,5.43,0.73
10.62,6.0,11.79,10.94,12.96,14.12,11.68,11.79,10.62,10.94,10.51,4.91,0.73
10.62,5.0,11.79,10.94,12.96,14.12,11.68,11.79,10.62,10.94,10.51,5.0,1.0
10.62,7.0,11.79,10.94,12.96,14.12,11.68,11.79,10.62,10.94,10.51,5.41,0.81
10.62,6.0,11.79,10.94,12.96,14.12,11.68,11.79,10.62,10.94,10.51,4.66,0.81
9.18,4.0,10.19,9.46,11.2,12.21,10.1,10.19,9.18,9.46,9.09,4.0,1.0
9.18,5.0,10.19,9.46,11.2,12.21,10.1,10.19,9.18,9.46,9.09,5.0,1.0
9.18,6.0,10.19,9.46,11.2,12.21,10.1,10.19,9.18,9.46,9.09,4.64,0.73
10.62,7.0,11.79,10.94,12.96,14.12,11.68,11.79,10.62,10.94,10.51,5.8,0.73
10.62,6.0,11.79,10.94,12.96,14.12,11.68,11.79,10.62,10.94,10.51,4.31,0.71
10.62,5.0,11.79,10.94,12.96,14.12,11.68,11.79,10.62,10.94,10.51,5.0,1.0
9.18,4.0,10.19,9.46,11.2,12.21,10.1,10.19,9.18,9.46,9.09,4.0,1.0
10.62,6.0,11.79,10.94,12.96,14.12,11.68,11.79,10.62,10.94,10.51,4.69,0.74
10.62,4.0,11.79,10.94,12.96,14.12,11.68,11.79,10.62,10.94,10.51,4.0,1.0
10.62,6.0,11.79,10.94,12.96,14.12,11.68,11.79,10.62,10.94,10.51,4.45,0.79
10.62,7.0,11.79,10.94,12.96,14.12,11.68,11.79,10.62,10.94,10.51,5.86,0.81
10.62,6.0,11.79,10.94,12.96,14.12,11.68,11.79,10.62,10.94,10.51,4.56,0.67
10.62,4.0,11.79,10.94,12.96,14.12,11.68,11.79,10.62,10.94,10.51,4.0,1.0
10.62,5.0,11.79,10.94,12.96,14.12,11.68,11.79,10.62,10.94,10.51,5.0,1.0
10.62,7.0,11.79,10.94,12.96,14.12,11.68,11.79,10.62,10.94,10.51,5.52,0.77
9.18,6.0,10.19,9.46,11.2,12.21,10.1,10.19,9.18,9.46,9.09,4.69,0.75
10.62,4.0,11.79,10.94,12.96,14.12,11.68,11.79,10.62,10.94,10.51,4.0,1.0
10.62,6.0,11.79,10.94,12.96,14.12,11.68,11.79,10.62,10.94,10.51,4.28,0.72
10.62,7.0,11.79,10.94,12.96,14.12,11.68,11.79,10.62,10.94,10.51,5.9,0.76
9.18,7.0,10.19,9.46,11.2,12.21,10.1,10.19,9.18,9.46,9.09,5.69,0.72
9.18,5.0,10.19,9.46,11.2,12.21,10.1,10.19,9.18,9.46,9.09,5.0,1.0
10.62,6.0,11.79,10.94,12.96,14.12,11.68,11.79,10.62,10.94,10.51,4.23,0.77
10.62,5.0,11.79,10.94,12.96,14.12,11.68,11.79,10.62,10.94,10.51,5.0,1.0
10.62,5.0,11.79,10.94,12.96,14.12,11.68,11.79,10.62,10.94,10.51,5.0,1.0
10.62,5.0,11.79,10.94,12.96,14.12,11.68,11.79,10.62,10.94,10.51,5.0,1.0
10.62,5.0,11.79,10.94,12.96,14.12,11.68,11.79,10.62,10.94,10.51,5.0,1.0
9.18,7.0,10.19,9.46,11.2,12.21,10.1,10.19,9.18,9.46,9.09,5.74,0.78
10.62,5.0,11.79,10.94,12.96,14.12,11.68,11.79,10.62,10.94,10.51,5.0,1.0
9.18,4.0,10.19,9.46,11.2,12.21,10.1,10.19,9.18,9.46,9.09,4.0,1.0
10.62,5.0,11.79,10.94,12.96,14.12,11.68,11.79,10.62,10.94,10.51,5.0,1.0
10.62,7.0,11.79,10.94,12.96,14.12,11.68,11.79,10.62,10.94,10.51,6.0,0.77
9.18,7.0,10.19,9.46,11.2,12.21,10.1,10.19,9.18,9.46,9.09,5.23,0.79
9.18,4.0,10.19,9.46,11.2,12.21,10.1,10.19,9.18,9.46,9.09,4.0,1.0
10.62,6.0,11.79,10.94,12.96,14.12,11.68,11.79,10.62,10.94,10.51,4.46,0.69
10.62,4.0,11.79,10.94,12.96,14.12,11.68,11.79,10.62,10.94,10.51,4.0,1.0
10.62,5.0,11.79,10.94,12.96,14.12,11.68,11.79,10.62,10.94,10.51,5.0,1.0
9.18,4.0,10.19,9.46,11.2,12.21,10.1,10.19,9.18,9.46,9.09,4.0,1.0
10.62,5.0,11.79,10.94,12.96,14.12,11.68,11.79,10.62,10.94,10.51,5.0,1.0
9.18,6.0,10.19,9.46,11.2,12.21,10.1,10.19,9.18,9.46,9.09,4.31,0.71
10.62,6.0,11.79,10.94,12.96,14.12,11.68,11.79,10.62,10.94,10.51,4.7,0.77
10.62,4.0,11.79,10.94,12.96,14.12,11.68,11.79,10.62,10.94,10.51,4.0,1.0
10.62,7.0,11.79,10.94,12.96,14.12,11.68,11.79,10.62,10.94,10.51,5.86,0.76
9.18,5.0,10.19,9.46,11.2,12.21,10.1,10.19,9.18,9.46,9.09,5.0,1.0
10.62,5.0,11.79,10.94,12.96,14.12,11.68,11.79,10.62,10.94,10.51,5.0,1.0
10.62,5.0,11.79,10.94,12.96,14.12,11.68,11.79,10.62,10.94,10.51,5.0,1.0
10.62,4.0,11.79,10.94,12.96,14.12,11.68,11.79,10.62,10.94,10.51,4.0,1.0
10.62,5.0,11.79,10.94,12.96,14.12,11.68,11.79,10.62,10.94,10.51,5.0,1.0
10.62,5.0,11.79,10.94,12.96,14.12,11.68,11.79,10.62,10.94,10.51,5.0,1.0
10.62,6.0,11.79,10.94,12.96,14.12,11.68,11.79,10.62,10.94,10.51,4.2,0.67
9.18,7.0,10.19,9.46,11.2,12.21,10.1,10.19,9.18,9.46,9.09,5.5,0.73
9.18,6.0,10.19,9.46,11.2,12.21,10.1,10.19,9.18,9.46,9.09,4.06,0.69
10.62,4.0,11.79,10.94,12.96,14.12,11.68,11.79,10.62,10.94,10.51,4.0,1.0
10.62,4.0,11.79,10.94,12.96,14.12,11.68,11.79,10.62,10.94,10.51,4.0,1.0
10.62,6.0,11.79,10.94,12.96,14.12,11.68,11.79,10.62,10.94,10.51,4.03,0.74
10.62,4.0,11.79,10.94,12.96,14.12,11.68,11.79,10.62,10.94,10.51,4.0,1.0
10.62,4.0,11.79,10.94,12.96,14.12,11.68,11.79,10.62,10.94,10.51,4.0,1.0
10.62,7.0,11.79,10.94,12.96,14.12,11.68,11.79,10.62,10.94,10.51,5.15,0.77
10.62,7.0,11.79,10.94,12.96,14.12,11.68,11.79,10.62,10.94,10.51,5.58,0.74
10.62,7.0,11.79,10.94,12.96,14.12,11.68,11.79,10.62,10.94,10.51,5.76,0.83
10.62,7.0,11.79,10.94,12.96,14.12,11.68,11.79,10.62,10.94,10.51,6.0,0.8
10.62,7.0,11.79,10.94,12.96,14.12,11.68,11.79,10.62,10.94,10.51,5.02,0.8
10.62,7.0,11.79,10.94,12.96,14.12,11.68,11.79,10.62,10.94,10.51,5.42,0.8
9.18,6.0,10.19,9.46,11.2,12.21,10.1,10.19,9.18,9.46,9.09,4.02,0.81
10.62,4.0,11.79,10.94,12.96,14.12,11.68,11.79,10.62,10.94,10.51,4.0,1.0
10.62,7.0,11.79,10.94,12.96,14.12,11.68,11.79,10.62,10.94,10.51,5.96,0.8
10.62,4.0,11.79,10.94,12.96,14.12,11.68,11.79,10.62,10.94,10.51,4.0,1.0
10.62,5.0,11.79,10.94,12.96,14.12,11.68,11.79,10.62,10.94,10.51,5.0,1.0
10.62,5.0,11.79,10.94,12.96,14.12,11.68,11.79,10.62,10.94,10.51,5.0,1.0
10.62,5.0,11.79,10.94,12.96,14.12,11.68,11.79,10.62,10.94,10.51,5.0,1.0
10.62,4.0,11.79,10.94,12.96,14.12,11.68,11.79,10.62,10.94,10.51,4.0,1.0
10.62,6.0,11.79,10.94,12.96,14.12,11.68,11.79,10.62,10.94,10.51,4.21,0.67
9.18,7.0,10.19,9.46,11.2,12.21,10.1,10.19,9.18,9.46,9.09,5.15,0.77
10.62,5.0,11.79,10.94,12.96,14.12,11.68,11.79,10.62,10.94,10.51,5.0,1.0
10.62,6.0,11.79,10.94,12.96,14.12,11.68,11.79,10.62,10.94,10.51,4.43,0.8
10.62,5.0,11.79,10.94,12.96,14.12,11.68,11.79,10.62,10.94,10.51,5.0,1.0
9.18,5.0,10.19,9.46,11.2,12.21,10.1,10.19,9.18,9.46,9.09,5.0,1.0
9.18,6.0,10.19,9.46,11.2,12.21,10.1,10.19,9.18,9.46,9.09,4.62,0.69
10.62,6.0,11.79,10.94,12.96,14.12,11.68,11.79,10.62,10.94,10.51,4.53,0.79
10.62,7.0,11.79,10.94,12.96,14.12,11.68,11.79,10.62,10.94,10.51,5.82,0.72
10.62,4.0,11.79,10.94,12.96,14.12,11.68,11.79,10.62,10.94,10.51,4.0,1.0
10.62,4.0,11.79,10.94,12.96,14.12,11.68,11.79,10.62,10.94,10.51,4.0,1.0
10.62,6.0,11.79,10.94,12.96,14.12,11.68,11.79,10.62,10.94,10.51,4.85,0.8
9.18,5.0,10.19,9.46,11.2,12.21,10.1,10.19,9.18,9.46,9.09,5.0,1.0
10.62,4.0,11.79,10.94,12.96,14.12,11.68,11.79,10.62,10.94,10.51,4.0,1.0
9.18,5.0,10.19,9.46,11.2,12.21,10.1,10.19,9.18,9.46,9.09,5.0,1.0
10.62,7.0,11.79,10.94,12.96,14.12,11.68,11.79,10.62,10.94,10.51,5.99,0.84
10.62,5.0,11.79,10.94,12.96,14.12,11.68,11.79,10.62,10.94,10.51,5.0,1.0
9.18,4.0,10.19,9.46,11.2,12.21,10.1,10.19,9.18,9.46,9.09,4.0,1.0
9.18,4.0,10.19,9.46,11.2,12.21,10.1,10.19,9.18,9.46,9.09,4.0,1.0
10.62,7.0,11.79,10.94,12.96,14.12,11.68,11.79,10.62,10.94,10.51,5.7,0.85
10.62,7.0,11.79,10.94,12.96,14.12,11.68,11.79,10.62,10.94,10.51,5.35,0.78
10.62,4.0,11.79,10.94,12.96,14.12,11.68,11.79,10.62,10.94,10.51,4.0,1.0
9.18,6.0,10.19,9.46,11.2,12.21,10.1,10.19,9.18,9.46,9.09,4.93,0.68
10.62,4.0,11.79,10.94,12.96,14.12,11.68,11.79,10.62,10.94,10.51,4.0,1.0
9.18,7.0,10.19,9.46,11.2,12.21,10.1,10.19,9.18,9.46,9.09,5.62,0.86
10.62,5.0,11.79,10.94,12.96,14.12,11.68,11.79,10.62,10.94,10.51,5.0,1.0
10.62,5.0,11.79,10.94,12.96,14.12,11.68,11.79,10.62,10.94,10.51,5.0,1.0
10.62,7.0,11.79,10.94,12.96,14.12,11.68,11.79,10.62,10.94,10.51,5.68,0.74
10.62,6.0,11.79,10.94,12.96,14.12,11.68,11.79,10.62,10.94,10.51,4.04,0.79
10.62,7.0,11.79,10.94,12.96,14.12,11.68,11.79,10.62,10.94,10.51,5.13,0.86
10.62,4.0,11.79,10.94,12.96,14.12,11.68,11.79,10.62,10.94,10.51,4.0,1.0
9.18,6.0,10.19,9.46,11.2,12.21,10.1,10.19,9.18,9.46,9.09,4.28,0.78
10.62,7.0,11.79,10.94,12.96,14.12,11.68,11.79,10.62,10.94,10.51,5.77,0.8
10.62,4.0,11.79,10.94,12.96,14.12,11.68,11.79,10.62,10.94,10.51,4.0,1.0
10.62,4.0,11.79,10.94,12.96,14.12,11.68,11.79,10.62,10.94,10.51,4.0,1.0
9.18,4.0,10.19,9.46,11.2,12.21,10.1,10.19,9.18,9.46,9.09,4.0,1.0
9.18,7.0,10.19,9.46,11.2,12.21,10.1,10.19,9.18,9.46,9.09,5.4,0.82
10.62,7.0,11.79,10.94,12.96,14.12,11.68,11.79,10.62,10.94,10.51,5.55,0.74
10.62,6.0,11.79,10.94,12.96,14.12,11.68,11.79,10.62,10.94,10.51,4.93,0.69
10.62,4.0,11.79,10.94,12.96,14.12,11.68,11.79,10.62,10.94,10.51,4.0,1.0
10.62,4.0,11.79,10.94,12.96,14.12,11.68,11.79,10.62,10.94,10.51,4.0,1.0
10.62,4.0,11.79,10.94,12.96,14.12,11.68,11.79,10.62,10.94,10.51,4.0,1.0
9.18,4.0,10.19,9.46,11.2,12.21,10.1,10.19,9.18,9.46,9.09,4.0,1.0
10.62,6.0,11.79,10.94,12.96,14.12,11.68,11.79,10.62,10.94,10.51,4.57,0.74
10.62,4.0,11.79,10.94,12.96,14.12,11.68,11.79,10.62,10.94,10.51,4.0,1.0
9.18,6.0,10.19,9.46,11.2,12.21,10.1,10.19,9.18,9.46,9.09,4.52,0.68
9.18,4.0,10.19,9.46,11.2,12.21,10.1,10.19,9.18,9.46,9.09,4.0,1.0
10.62,4.0,11.79,10.94,12.96,14.12,11.68,11.79,10.62,10.94,10.51,4.0,1.0
10.62,5.0,11.79,10.94,12.96,14.12,11.68,11.79,10.62,10.94,10.51,5.0,1.0
10.62,5.0,11.79,10.94,12.96,14.12,11.68,11.79,10.62,10.94,10.51,5.0,1.0
9.18,5.0,10.19,9.46,11.2,12.21,10.1,10.19,9.18,9.46,9.09,5.0,1.0
10.62,4.0,11.79,10.94,12.96,14.12,11.68,11.79,10.62,10.94,10.51,4.0,1.0
9.18,7.0,10.19,9.46,11.2,12.21,10.1,10.19,9.18,9.46,9.09,5.57,0.79
10.62,5.0,11.79,10.94,12.96,14.12,11.68,11.79,10.62,10.94,10.51,5.0,1.0
10.62,5.0,11.79,10.94,12.96,14.12,11.68,11.79,10.62,10.94,10.51,5.0,1.0
10.62,7.0,11.79,10.94,12.96,14.12,11.68,11.79,10.62,10.94,10.51,5.33,0.81
9.18,4.0,10.19,9.46,11.2,12.21,10.1,10.19,9.18,9.46,9.09,4.0,1.0
9.18,6.0,10.19,9.46,11.2,12.21,10.1,10.19,9.18,9.46,9.09,4.11,0.73
10.62,4.0,11.79,10.94,12.96,14.12,11.68,11.79,10.62,10.94,10.51,4.0,1.0
10.62,4.0,11.79,10.94,12.96,14.12,11.68,11.79,10.62,10.94,10.51,4.0,1.0
10.62,6.0,11.79,10.94,12.96,14.12,11.68,11.79,10.62,10.94,10.51,4.57,0.74
10.62,4.0,11.79,10.94,12.96,14.12,11.68,11.79,10.62,10.94,10.51,4.0,1.0
9.18,7.0,10.19,9.46,11.2,12.21,10.1,10.19,9.18,9.46,9.09,5.34,0.82
9.18,6.0,10.19,9.46,11.2,12.21,10.1,10.19,9.18,9.46,9.09,4.99,0.7
9.18,6.0,10.19,9.46,11.2,12.21,10.1,10.19,9.18,9.46,9.09,4.03,0.69
10.62,4.0,11.79,10.94,12.96,14.12,11.68,11.79,10.62,10.94,10.51,4.0,1.0
10.62,7.0,11.79,10.94,12.96,14.12,11.68,11.79,10.62,10.94,10.51,5.23,0.82
10.62,7.0,11.79,10.94,12.96,14.12,11.68,11.79,10.62,10.94,10.51,5.53,0.82
9.18,6.0,10.19,9.46,11.2,12.21,10.1,10.19,9.18,9.46,9.09,4.44,0.71
9.18,5.0,10.19,9.46,11.2,12.21,10.1,10.19,9.18,9.46,9.09,5.0,1.0
10.62,5.0,11.79,10.94,12.96,14.12,11.68,11.79,10.62,10.94,10.51,5.0,1.0
10.62,6.0,11.79,10.94,12.96,14.12,11.68,11.79,10.62,10.94,10.51,4.85,0.72
10.62,5.0,11.79,10.94,12.96,14.12,11.68,11.79,10.62,10.94,10.51,5.0,1.0
9.18,5.0,10.19,9.46,11.2,12.21,10.1,10.19,9.18,9.46,9.09,5.0,1.0
10.62,5.0,11.79,10.94,12.96,14.12,11.68,11.79,10.62,10.94,10.51,5.0,1.0
9.18,6.0,10.19,9.46,11.2,12.21,10.1,10.19,9.18,9.46,9.09,4.74,0.78
10.62,4.0,11.79,10.94,12.96,14.12,11.68,11.79,10.62,10.94,10.51,4.0,1.0
10.62,6.0,11.79,10.94,12.96,14.12,11.68,11.79,10.62,10.94,10.51,4.25,0.72
10.62,6.0,11.79,10.94,12.96,14.12,11.68,11.79,10.62,10.94,10.51,4.52,0.75
9.18,7.0,10.19,9.46,11.2,12.21,10.1,10.19,9.18,9.46,9.09,5.24,0.86
9.18,5.0,10.19,9.46,11.2,12.21,10.1,10.19,9.18,9.46,9.09,5.0,1.0
10.62,6.0,11.79,10.94,12.96,14.12,11.68,11.79,10.62,10.94,10.51,4.63,0.76
10.62,4.0,11.79,10.94,12.96,14.12,11.68,11.79,10.62,10.94,10.51,4.0,1.0
10.62,6.0,11.79,10.94,12.96,14.12,11.68,11.79,10.62,10.94,10.51,4.28,0.73
10.62,5.0,11.79,10.94,12.96,14.12,11.68,11.79,10.62,10.94,10.51,5.0,1.0
9.18,4.0,10.19,9.46,11.2,12.21,10.1,10.19,9.18,9.46,9.09,4.0,1.0
9.18,6.0,10.19,9.46,11.2,12.21,10.1,10.19,9.18,9.46,9.09,4.9,0.81
9.18,7.0,10.19,9.46,11.2,12.21,10.1,10.19,9.18,9.46,9.09,6.0,0.83
10.62,5.0,11.79,10.94,12.96,14.12,11.68,11.79,10.62,10.94,10.51,5.0,1.0
10.62,6.0,11.79,10.94,12.96,14.12,11.68,11.79,10.62,10.94,10.51,4.43,0.83
10.62,6.0,11.79,10.94,12.96,14.12,11.68,11.79,10.62,10.94,10.51,4.73,0.7
9.18,7.0,10.19,9.46,11.2,12.21,10.1,10.19,9.18,9.46,9.09,5.71,0.72
10.62,7.0,11.79,10.94,12.96,14.12,11.68,11.79,10.62,10.94,10.51,5.45,0.79
10.62,4.0,11.79,10.94,12.96,14.12,11.68,11.79,10.62,10.94,10.51,4.0,1.0
10.62,5.0,11.79,10.94,12.96,14.12,11.68,11.79,10.62,10.94,10.51,5.0,1.0
10.62,4.0,11.79,10.94,12.96,14.12,11.68,11.79,10.62,10.94,10.51,4.0,1.0
10.62,6.0,11.79,10.94,12.96,14.12,11.68,11.79,10.62,10.94,10.51,4.33,0.76
10.62,4.0,11.79,10.94,12.96,14.12,11.68,11.79,10.62,10.94,10.51,4.0,1.0
10.62,4.0,11.79,10.94,12.96,14.12,11.68,11.79,10.62,10.94,10.51,4.0,1.0
10.62,4.0,11.79,10.94,12.96,14.12,11.68,11.79,10.62,10.94,10.51,4.0,1.0
9.18,6.0,10.19,9.46,11.2,12.21,10.1,10.19,9.18,9.46,9.09,4.82,0.75
10.62,7.0,11.79,10.94,12.96,14.12,11.68,11.79,10.62,10.94,10.51,5.71,0.73
10.62,5.0,11.79,10.94,12.96,14.12,11.68,11.79,10.62,10.94,10.51,5.0,1.0
10.62,7.0,11.79,10.94,12.96,14.12,11.68,11.79,10.62,10.94,10.51,5.96,0.76
9.18,6.0,10.19,9.46,11.2,12.21,10.1,10.19,9.18,9.46,9.09,4.75,0.69
9.18,7.0,10.19,9.46,11.2,12.21,10.1,10.19,9.18,9.46,9.09,5.99,0.76
10.62,5.0,11.79,10.94,12.96,14.12,11.68,11.79,10.62,10.94,10.51,5.0,1.0
10.62,6.0,11.79,10.94,12.96,14.12,11.68,11.79,10.62,10.94,10.51,4.18,0.81
9.18,6.0,10.19,9.46,11.2,12.21,10.1,10.19,9.18,9.46,9.09,4.0,0.73
10.62,5.0,11.79,10.94,12.96,14.12,11.68,11.79,10.62,10.94,10.51,5.0,1.0
10.62,6.0,11.79,10.94,12.96,14.12,11.68,11.79,10.62,10.94,10.51,4.18,0.79
10.62,6.0,11.79,10.94,12.96,14.12,11.68,11.79,10.62,10.94,10.51,4.81,0.7
10.62,7.0,11.79,10.94,12.96,14.12,11.68,11.79,10.62,10.94,10.51,5.98,0.82
10.62,7.0,11.79,10.94,12.96,14.12,11.68,11.79,10.62,10.94,10.51,5.35,0.75
10.62,4.0,11.79,10.94,12.96,14.12,11.68,11.79,10.62,10.94,10.51,4.0,1.0
9.18,6.0,10.19,9.46,11.2,12.21,10.1,10.19,9.18,9.46,9.09,4.36,0.73
9.18,4.0,10.19,9.46,11.2,12.21,10.1,10.19,9.18,9.46,9.09,4.0,1.0
10.62,7.0,11.79,10.94,12.96,14.12,11.68,11.79,10.62,10.94,10.51,5.01,0.79
10.62,6.0,11.79,10.94,12.96,14.12,11.68,11.79,10.62,10.94,10.51,4.24,0.69
10.62,7.0,11.79,10.94,12.96,14.12,11.68,11.79,10.62,10.94,10.51,5.27,0.75
10.62,7.0,11.79,10.94,12.96,14.12,11.68,11.79,10.62,10.94,10.51,5.95,0.75
10.62,7.0,11.79,10.94,12.96,14.12,11.68,11.79,10.62,10.94,10.51,5.5,0.74
10.62,4.0,11.79,10.94,12.96,14.12,11.68,11.79,10.62,10.94,10.51,4.0,1.0
10.62,7.0,11.79,10.94,12.96,14.12,11.68,11.79,10.62,10.94,10.51,5.96,0.83
10.62,4.0,11.79,10.94,12.96,14.12,11.68,11.79,10.62,10.94,10.51,4.0,1.0
10.62,4.0,11.79,10.94,12.96,14.12,11.68,11.79,10.62,10.94,10.51,4.0,1.0
10.62,4.0,11.79,10.94,12.96,14.12,11.68,11.79,10.62,10.94,10.51,4.0,1.0
10.62,4.0,11.79,10.94,12.96,14.12,11.68,11.79,10.62,10.94,10.51,4.0,1.0
9.18,7.0,10.19,9.46,11.2,12.21,10.1,10.19,9.18,9.46,9.09,5.4,0.84
10.62,6.0,11.79,10.94,12.96,14.12,11.68,11.79,10.62,10.94,10.51,4.46,0.72
10.62,5.0,11.79,10.94,12.96,14.12,11.68,11.79,10.62,10.94,10.51,5.0,1.0
10.62,7.0,11.79,10.94,12.96,14.12,11.68,11.79,10.62,10.94,10.51,5.11,0.77
10.62,4.0,11.79,10.94,12.96,14.12,11.68,11.79,10.62,10.94,10.51,4.0,1.0
10.62,6.0,11.79,10.94,12.96,14.12,11.68,11.79,10.62,10.94,10.51,4.57,0.79
9.18,4.0,10.19,9.46,11.2,12.21,10.1,10.19,9.18,9.46,9.09,4.0,1.0
10.62,7.0,11.79,10.94,12.96,14.12,11.68,11.79,10.62,10.94,10.51,5.08,0.81
10.62,7.0,11.79,10.94,12.96,14.12,11.68,11.79,10.62,10.94,10.51,5.16,0.73
10.62,5.0,11.79,10.94,12.96,14.12,11.68,11.79,10.62,10.94,10.51,5.0,1.0
10.62,6.0,11.79,10.94,12.96,14.12,11.68,11.79,10.62,10.94,10.51,4.66,0.68
10.62,4.0,11.79,10.94,12.96,14.12,11.68,11.79,10.62,10.94,10.51,4.0,1.0
9.18,4.0,10.19,9.46,11.2,12.21,10.1,10.19,9.18,9.46,9.09,4.0,1.0
10.62,6.0,11.79,10.94,12.96,14.12,11.68,11.79,10.62,10.94,10.51,4.92,0.83
9.18,5.0,10.19,9.46,11.2,12.21,10.1,10.19,9.18,9.46,9.09,5.0,1.0
10.62,5.0,11.79,10.94,12.96,14.12,11.68,11.79,10.62,10.94,10.51,5.0,1.0
10.62,4.0,11.79,10.94,12.96,14.12,11.68,11.79,10.62,10.94,10.51,4.0,1.0
9.18,4.0,10.19,9.46,11.2,12.21,10.1,10.19,9.18,9.46,9.09,4.0,1.0
9.18,7.0,10.19,9.46,11.2,12.21,10.1,10.19,9.18,9.46,9.09,5.76,0.79
10.62,7.0,11.79,10.94,12.96,14.12,11.68,11.79,10.62,10.94,10.51,5.2,0.76
10.62,7.0,11.79,10.94,12.96,14.12,11.68,11.79,10.62,10.94,10.51,5.13,0.82
10.62,5.0,11.79,10.94,12.96,14.12,11.68,11.79,10.62,10.94,10.51,5.0,1.0
9.18,4.0,10.19,9.46,11.2,12.21,10.1,10.19,9.18,9.46,9.09,4.0,1.0
10.62,7.0,11.79,10.94,12.96,14.12,11.68,11.79,10.62,10.94,10.51,5.33,0.77
9.18,6.0,10.19,9.46,11.2,12.21,10.1,10.19,9.18,9.46,9.09,4.68,0.7
10.62,6.0,11.79,10.94,12.96,14.12,11.68,11.79,10.62,10.94,10.51,4.69,0.78
10.62,6.0,11.79,10.94,12.96,14.12,11.68,11.79,10.62,10.94,10.51,4.95,0.71
10.62,6.0,11.79,10.94,12.96,14.12,11.68,11.79,10.62,10.94,10.51,4.93,0.68
10.62,6.0,11.79,10.94,12.96,14.12,11.68,11.79,10.62,10.94,10.51,4.23,0.76
10.62,7.0,11.79,10.94,12.96,14.12,11.68,11.79,10.62,10.94,10.51,5.95,0.8
10.62,7.0,11.79,10.94,12.96,14.12,11.68,11.79,10.62,10.94,10.51,5.61,0.85
9.18,6.0,10.19,9.46,11.2,12.21,10.1,10.19,9.18,9.46,9.09,4.42,0.69
10.62,6.0,11.79,10.94,12.96,14.12,11.68,11.79,10.62,10.94,10.51,4.64,0.73
10.62,6.0,11.79,10.94,12.96,14.12,11.68,11.79,10.62,10.94,10.51,4.57,0.72
10.62,4.0,11.79,10.94,12.96,14.12,11.68,11.79,10.62,10.94,10.51,4.0,1.0
9.18,4.0,10.19,9.46,11.2,12.21,10.1,10.19,9.18,9.46,9.09,4.0,1.0
9.18,6.0,10.19,9.46,11.2,12.21,10.1,10.19,9.18,9.46,9.09,4.54,0.7
10.62,6.0,11.79,10.94,12.96,14.12,11.68,11.79,10.62,10.94,10.51,4.29,0.79
10.62,6.0,11.79,10.94,12.96,14.12,11.68,11.79,10.62,10.94,10.51,4.14,0.79
10.62,6.0,11.79,10.94,12.96,14.12,11.68,11.79,10.62,10.94,10.51,4.15,0.81
10.62,5.0,11.79,10.94,12.96,14.12,11.68,11.79,10.62,10.94,10.51,5.0,1.0
10.62,5.0,11.79,10.94,12.96,14.12,11.68,11.79,10.62,10.94,10.51,5.0,1.0
9.18,6.0,10.19,9.46,11.2,12.21,10.1,10.19,9.18,9.46,9.09,4.26,0.67
10.62,7.0,11.79,10.94,12.96,14.12,11.68,11.79,10.62,10.94,10.51,5.83,0.73
10.62,5.0,11.79,10.94,12.96,14.12,11.68,11.79,10.62,10.94,10.51,5.0,1.0
9.18,4.0,10.19,9.46,11.2,12.21,10.1,10.19,9.18,9.46,9.09,4.0,1.0
9.18,7.0,10.19,9.46,11.2,12.21,10.1,10.19,9.18,9.46,9.09,5.79,0.74
10.62,7.0,11.79,10.94,12.96,14.12,11.68,11.79,10.62,10.94,10.51,5.07,0.75
10.62,5.0,11.79,10.94,12.96,14.12,11.68,11.79,10.62,10.94,10.51,5.0,1.0
10.62,7.0,11.79,10.94,12.96,14.12,11.68,11.79,10.62,10.94,10.51,5.33,0.77
9.18,4.0,10.19,9.46,11.2,12.21,10.1,10.19,9.18,9.46,9.09,4.0,1.0
10.62,6.0,11.79,10.94,12.96,14.12,11.68,11.79,10.62,10.94,10.51,4.25,0.73
9.18,6.0,10.19,9.46,11.2,12.21,10.1,10.19,9.18,9.46,9.09,4.51,0.81
10.62,6.0,11.79,10.94,12.96,14.12,11.68,11.79,10.62,10.94,10.51,4.03,0.76
10.62,6.0,11.79,10.94,12.96,14.12,11.68,11.79,10.62,10.94,10.51,4.52,0.71
10.62,5.0,11.79,10.94,12.96,14.12,11.68,11.79,10.62,10.94,10.51,5.0,1.0
9.18,5.0,10.19,9.46,11.2,12.21,10.1,10.19,9.18,9.46,9.09,5.0,1.0
9.18,6.0,10.19,9.46,11.2,12.21,10.1,10.19,9.18,9.46,9.09,4.02,0.7
10.62,5.0,11.79,10.94,12.96,14.12,11.68,11.79,10.62,10.94,10.51,5.0,1.0
10.62,7.0,11.79,10.94,12.96,14.12,11.68,11.79,10.62,10.94,10.51,5.1,0.74
10.62,4.0,11.79,10.94,12.96,14.12,11.68,11.79,10.62,10.94,10.51,4.0,1.0
10.62,6.0,11.79,10.94,12.96,14.12,11.68,11.79,10.62,10.94,10.51,4.37,0.82
9.18,7.0,10.19,9.46,11.2,12.21,10.1,10.19,9.18,9.46,9.09,5.33,0.73
9.18,5.0,10.19,9.46,11.2,12.21,10.1,10.19,9.18,9.46,9.09,5.0,1.0
9.18,7.0,10.19,9.46,11.2,12.21,10.1,10.19,9.18,9.46,9.09,5.41,0.83
10.62,7.0,11.79,10.94,12.96,14.12,11.68,11.79,10.62,10.94,10.51,5.81,0.82
10.62,5.0,11.79,10.94,12.96,14.12,11.68,11.79,10.62,10.94,10.51,5.0,1.0
10.62,6.0,11.79,10.94,12.96,14.12,11.68,11.79,10.62,10.94,10.51,4.26,0.78
9.18,4.0,10.19,9.46,11.2,12.21,10.1,10.19,9.18,9.46,9.09,4.0,1.0
9.18,5.0,10.19,9.46,11.2,12.21,10.1,10.19,9.18,9.46,9.09,5.0,1.0
10.62,6.0,11.79,10.94,12.96,14.12,11.68,11.79,10.62,10.94,10.51,4.29,0.77
10.62,7.0,11.79,10.94,12.96,14.12,11.68,11.79,10.62,10.94,10.51,5.33,0.81
10.62,7.0,11.79,10.94,12.96,14.12,11.68,11.79,10.62,10.94,10.51,5.32,0.72
9.18,4.0,10.19,9.46,11.2,12.21,10.1,10.19,9.18,9.46,9.09,4.0,1.0
10.62,7.0,11.79,10.94,12.96,14.12,11.68,11.79,10.62,10.94,10.51,5.96,0.76
9.18,4.0,10.19,9.46,11.2,12.21,10.1,10.19,9.18,9.46,9.09,4.0,1.0
10.62,7.0,11.79,10.94,12.96,14.12,11.68,11.79,10.62,10.94,10.51,5.51,0.79
10.62,7.0,11.79,10.94,12.96,14.12,11.68,11.79,10.62,10.94,10.51,5.58,0.82
10.62,7.0,11.79,10.94,12.96,14.12,11.68,11.79,10.62,10.94,10.51,5.54,0.83
9.18,5.0,10.19,9.46,11.2,12.21,10.1,10.19,9.18,9.46,9.09,5.0,1.0
9.18,4.0,10.19,9.46,11.2,12.21,10.1,10.19,9.18,9.46,9.09,4.0,1.0
10.62,7.0,11.79,10.94,12.96,14.12,11.68,11.79,10.62,10.94,10.51,5.93,0.83
10.62,7.0,11.79,10.94,12.96,14.12,11.68,11.79,10.62,10.94,10.51,5.58,0.83
10.62,4.0,11.79,10.94,12.96,14.12,11.68,11.79,10.62,10.94,10.51,4.0,1.0
10.62,5.0,11.79,10.94,12.96,14.12,11.68,11.79,10.62,10.94,10.51,5.0,1.0
9.18,5.0,10.19,9.46,11.2,12.21,10.1,10.19,9.18,9.46,9.09,5.0,1.0
9.18,4.0,10.19,9.46,11.2,12.21,10.1,10.19,9.18,9.46,9.09,4.0,1.0
9.18,5.0,10.19,9.46,11.2,12.21,10.1,10.19,9.18,9.46,9.09,5.0,1.0
10.62,4.0,11.79,10.94,12.96,14.12,11.68,11.79,10.62,10.94,10.51,4.0,1.0
10.62,5.0,11.79,10.94,12.96,14.12,11.68,11.79,10.62,10.94,10.51,5.0,1.0
10.62,6.0,11.79,10.94,12.96,14.12,11.68,11.79,10.62,10.94,10.51,4.71,0.76
9.18,7.0,10.19,9.46,11.2,12.21,10.1,10.19,9.18,9.46,9.09,5.91,0.82
10.62,6.0,11.79,10.94,12.96,14.12,11.68,11.79,10.62,10.94,10.51,4.1,0.74
10.62,7.0,11.79,10.94,12.96,14.12,11.68,11.79,10.62,10.94,10.51,5.01,0.73
10.62,7.0,11.79,10.94,12.96,14.12,11.68,11.79,10.62,10.94,10.51,5.34,0.79
10.62,6.0,11.79,10.94,12.96,14.12,11.68,11.79,10.62,10.94,10.51,4.37,0.79
10.62,4.0,11.79,10.94,12.96,14.12,11.68,11.79,10.62,10.94,10.51,4.0,1.0
10.62,5.0,11.79,10.94,12.96,14.12,11.68,11.79,10.62,10.94,10.51,5.0,1.0
10.62,6.0,11.79,10.94,12.96,14.12,11.68,11.79,10.62,10.94,10.51,4.24,0.78
10.62,4.0,11.79,10.94,12.96,14.12,11.68,11.79,10.62,10.94,10.51,4.0,1.0
9.18,6.0,10.19,9.46,11.2,12.21,10.1,10.19,9.18,9.46,9.09,4.57,0.69
10.62,5.0,11.79,10.94,12.96,14.12,11.68,11.79,10.62,10.94,10.51,5.0,1.0
10.62,5.0,11.79,10.94,12.96,14.12,11.68,11.79,10.62,10.94,10.51,5.0,1.0
10.62,6.0,11.79,10.94,12.96,14.12,11.68,11.79,10.62,10.94,10.51,4.32,0.77
9.18,4.0,10.19,9.46,11.2,12.21,10.1,10.19,9.18,9.46,9.09,4.0,1.0
9.18,6.0,10.19,9.46,11.2,12.21,10.1,10.19,9.18,9.46,9.09,4.69,0.72
10.62,7.0,11.79,10.94,12.96,14.12,11.68,11.79,10.62,10.94,10.51,5.22,0.74
10.62,5.0,11.79,10.94,12.96,14.12,11.68,11.79,10.62,10.94,10.51,5.0,1.0
9.18,7.0,10.19,9.46,11.2,12.21,10.1,10.19,9.18,9.46,9.09,5.41,0.77
10.62,6.0,11.79,10.94,12.96,14.12,11.68,11.79,10.62,10.94,10.51,4.4,0.76
10.62,7.0,11.79,10.94,12.96,14.12,11.68,11.79,10.62,10.94,10.51,5.36,0.85
10.62,5.0,11.79,10.94,12.96,14.12,11.68,11.79,10.62,10.94,10.51,5.0,1.0
10.62,7.0,11.79,10.94,12.96,14.12,11.68,11.79,10.62,10.94,10.51,5.02,0.74
10.62,5.0,11.79,10.94,12.96,14.12,11.68,11.79,10.62,10.94,10.51,5.0,1.0
10.62,7.0,11.79,10.94,12.96,14.12,11.68,11.79,10.62,10.94,10.51,5.7,0.76
9.18,4.0,10.19,9.46,11.2,12.21,10.1,10.19,9.18,9.46,9.09,4.0,1.0
9.18,7.0,10.19,9.46,11.2,12.21,10.1,10.19,9.18,9.46,9.09,5.22,0.74
10.62,5.0,11.79,10.94,12.96,14.12,11.68,11.79,10.62,10.94,10.51,5.0,1.0
10.62,6.0,11.79,10.94,12.96,14.12,11.68,11.79,10.62,10.94,10.51,4.38,0.76
10.62,7.0,11.79,10.94,12.96,14.12,11.68,11.79,10.62,10.94,10.51,5.92,0.79
10.62,4.0,11.79,10.94,12.96,14.12,11.68,11.79,10.62,10.94,10.51,4.0,1.0
10.62,7.0,11.79,10.94,12.96,14.12,11.68,11.79,10.62,10.94,10.51,5.41,0.75
9.18,5.0,10.19,9.46,11.2,12.21,10.1,10.19,9.18,9.46,9.09,5.0,1.0
9.18,7.0,10.19,9.46,11.2,12.21,10.1,10.19,9.18,9.46,9.09,5.28,0.84
9.18,7.0,10.19,9.46,11.2,12.21,10.1,10.19,9.18,9.46,9.09,5.15,0.8
10.62,5.0,11.79,10.94,12.96,14.12,11.68,11.79,10.62,10.94,10.51,5.0,1.0
10.62,7.0,11.79,10.94,12.96,14.12,11.68,11.79,10.62,10.94,10.51,5.24,0.75
10.62,7.0,11.79,10.94,12.96,14.12,11.68,11.79,10.62,10.94,10.51,5.35,0.77
9.18,7.0,10.19,9.46,11.2,12.21,10.1,10.19,9.18,9.46,9.09,5.5,0.76
10.62,6.0,11.79,10.94,12.96,14.12,11.68,11.79,10.62,10.94,10.51,4.64,0.77
10.62,6.0,11.79,10.94,12.96,14.12,11.68,11.79,10.62,10.94,10.51,4.4,0.68
10.62,5.0,11.79,10.94,12.96,14.12,11.68,11.79,10.62,10.94,10.51,5.0,1.0
10.62,7.0,11.79,10.94,12.96,14.12,11.68,11.79,10.62,10.94,10.51,5.03,0.83
10.62,6.0,11.79,10.94,12.96,14.12,11.68,11.79,10.62,10.94,10.51,4.04,0.77
10.62,7.0,11.79,10.94,12.96,14.12,11.68,11.79,10.62,10.94,10.51,5.41,0.83
10.62,4.0,11.79,10.94,12.96,14.12,11.68,11.79,10.62,10.94,10.51,4.0,1.0
10.62,6.0,11.79,10.94,12.96,14.12,11.68,11.79,10.62,10.94,10.51,4.69,0.74
9.18,5.0,10.19,9.46,11.2,12.21,10.1,10.19,9.18,9.46,9.09,5.0,1.0
10.62,6.0,11.79,10.94,12.96,14.12,11.68,11.79,10.62,10.94,10.51,4.83,0.83
10.62,6.0,11.79,10.94,12.96,14.12,11.68,11.79,10.62,10.94,10.51,4.49,0.73
10.62,4.0,11.79,10.94,12.96,14.12,11.68,11.79,10.62,10.94,10.51,4.0,1.0
9.18,5.0,10.19,9.46,11.2,12.21,10.1,10.19,9.18,9.46,9.09,5.0,1.0
9.18,7.0,10.19,9.46,11.2,12.21,10.1,10.19,9.18,9.46,9.09,5.85,0.75
10.62,5.0,11.79,10.94,12.96,14.12,11.68,11.79,10.62,10.94,10.51,5.0,1.0
10.62,7.0,11.79,10.94,12.96,14.12,11.68,11.79,10.62,10.94,10.51,5.84,0.72
10.62,5.0,11.79,10.94,12.96,14.12,11.68,11.79,10.62,10.94,10.51,5.0,1.0
10.62,7.0,11.79,10.94,12.96,14.12,11.68,11.79,10.62,10.94,10.51,5.25,0.76
10.62,5.0,11.79,10.94,12.96,14.12,11.68,11.79,10.62,10.94,10.51,5.0,1.0
9.18,7.0,10.19,9.46,11.2,12.21,10.1,10.19,9.18,9.46,9.09,5.01,0.77
10.62,4.0,11.79,10.94,12.96,14.12,11.68,11.79,10.62,10.94,10.51,4.0,1.0
9.18,4.0,10.19,9.46,11.2,12.21,10.1,10.19,9.18,9.46,9.09,4.0,1.0
10.62,7.0,11.79,10.94,12.96,14.12,11.68,11.79,10.62,10.94,10.51,5.36,0.8
10.62,4.0,11.79,10.94,12.96,14.12,11.68,11.79,10.62,10.94,10.51,4.0,1.0
9.18,5.0,10.19,9.46,11.2,12.21,10.1,10.19,9.18,9.46,9.09,5.0,1.0
9.18,5.0,10.19,9.46,11.2,12.21,10.1,10.19,9.18,9.46,9.09,5.0,1.0
10.62,6.0,11.79,10.94,12.96,14.12,11.68,11.79,10.62,10.94,10.51,4.23,0.67
10.62,5.0,11.79,10.94,12.96,14.12,11.68,11.79,10.62,10.94,10.51,5.0,1.0
10.62,7.0,11.79,10.94,12.96,14.12,11.68,11.79,10.62,10.94,10.51,5.7,0.76
9.18,7.0,10.19,9.46,11.2,12.21,10.1,10.19,9.18,9.46,9.09,5.25,0.82
10.62,4.0,11.79,10.94,12.96,14.12,11.68,11.79,10.62,10.94,10.51,4.0,1.0
9.18,7.0,10.19,9.46,11.2,12.21,10.1,10.19,9.18,9.46,9.09,5.05,0.74
10.62,4.0,11.79,10.94,12.96,14.12,11.68,11.79,10.62,10.94,10.51,4.0,1.0
10.62,7.0,11.79,10.94,12.96,14.12,11.68,11.79,10.62,10.94,10.51,5.08,0.74
10.62,4.0,11.79,10.94,12.96,14.12,11.68,11.79,10.62,10.94,10.51,4.0,1.0
9.18,7.0,10.19,9.46,11.2,12.21,10.1,10.19,9.18,9.46,9.09,5.12,0.83
10.62,6.0,11.79,10.94,12.96,14.12,11.68,11.79,10.62,10.94,10.51,4.7,0.79
10.62,7.0,11.79,10.94,12.96,14.12,11.68,11.79,10.62,10.94,10.51,5.12,0.84
10.62,4.0,11.79,10.94,12.96,14.12,11.68,11.79,10.62,10.94,10.51,4.0,1.0
10.62,5.0,11.79,10.94,12.96,14.12,11.68,11.79,10.62,10.94,10.51,5.0,1.0
10.62,5.0,11.79,10.94,12.96,14.12,11.68,11.79,10.62,10.94,10.51,5.0,1.0
10.62,4.0,11.79,10.94,12.96,14.12,11.68,11.79,10.62,10.94,10.51,4.0,1.0
9.18,7.0,10.19,9.46,11.2,12.21,10.1,10.19,9.18,9.46,9.09,5.25,0.76
9.18,6.0,10.19,9.46,11.2,12.21,10.1,10.19,9.18,9.46,9.09,4.86,0.77
10.62,7.0,11.79,10.94,12.96,14.12,11.68,11.79,10.62,10.94,10.51,5.01,0.76
10.62,6.0,11.79,10.94,12.96,14.12,11.68,11.79,10.62,10.94,10.51,4.77,0.79
10.62,7.0,11.79,10.94,12.96,14.12,11.68,11.79,10.62,10.94,10.51,5.79,0.81
10.62,4.0,11.79,10.94,12.96,14.12,11.68,11.79,10.62,10.94,10.51,4.0,1.0
10.62,6.0,11.79,10.94,12.96,14.12,11.68,11.79,10.62,10.94,10.51,4.71,0.81
10.62,6.0,11.79,10.94,12.96,14.12,11.68,11.79,10.62,10.94,10.51,4.95,0.79
10.62,4.0,11.79,10.94,12.96,14.12,11.68,11.79,10.62,10.94,10.51,4.0,1.0
10.62,4.0,11.79,10.94,12.96,14.12,11.68,11.79,10.62,10.94,10.51,4.0,1.0
10.62,5.0,11.79,10.94,12.96,14.12,11.68,11.79,10.62,10.94,10.51,5.0,1.0
10.62,7.0,11.79,10.94,12.96,14.12,11.68,11.79,10.62,10.94,10.51,5.61,0.78
10.62,6.0,11.79,10.94,12.96,14.12,11.68,11.79,10.62,10.94,10.51,4.45,0.68
9.18,5.0,10.19,9.46,11.2,12.21,10.1,10.19,9.18,9.46,9.09,5.0,1.0
10.62,4.0,11.79,10.94,12.96,14.12,11.68,11.79,10.62,10.94,10.51,4.0,1.0
10.62,4.0,11.79,10.94,12.96,14.12,11.68,11.79,10.62,10.94,10.51,4.0,1.0
10.62,6.0,11.79,10.94,12.96,14.12,11.68,11.79,10.62,10.94,10.51,4.53,0.78
10.62,7.0,11.79,10.94,12.96,14.12,11.68,11.79,10.62,10.94,10.51,5.4,0.85
10.62,4.0,11.79,10.94,12.96,14.12,11.68,11.79,10.62,10.94,10.51,4.0,1.0
10.62,4.0,11.79,10.94,12.96,14.12,11.68,11.79,10.62,10.94,10.51,4.0,1.0
9.18,7.0,10.19,9.46,11.2,12.21,10.1,10.19,9.18,9.46,9.09,5.75,0.73
10.62,6.0,11.79,10.94,12.96,14.12,11.68,11.79,10.62,10.94,10.51,4.33,0.72
9.18,4.0,10.19,9.46,11.2,12.21,10.1,10.19,9.18,9.46,9.09,4.0,1.0
10.62,4.0,11.79,10.94,12.96,14.12,11.68,11.79,10.62,10.94,10.51,4.0,1.0
10.62,5.0,11.79,10.94,12.96,14.12,11.68,11.79,10.62,10.94,10.51,5.0,1.0
9.18,7.0,10.19,9.46,11.2,12.21,10.1,10.19,9.18,9.46,9.09,5.39,0.74
9.18,4.0,10.19,9.46,11.2,12.21,10.1,10.19,9.18,9.46,9.09,4.0,1.0
10.62,6.0,11.79,10.94,12.96,14.12,11.68,11.79,10.62,10.94,10.51,4.99,0.78
10.62,5.0,11.79,10.94,12.96,14.12,11.68,11.79,10.62,10.94,10.51,5.0,1.0
10.62,7.0,11.79,10.94,12.96,14.12,11.68,11.79,10.62,10.94,10.51,5.49,0.73
9.18,6.0,10.19,9.46,11.2,12.21,10.1,10.19,9.18,9.46,9.09,4.41,0.73
10.62,5.0,11.79,10.94,12.96,14.12,11.68,11.79,10.62,10.94,10.51,5.0,1.0
9.18,7.0,10.19,9.46,11.2,12.21,10.1,10.19,9.18,9.46,9.09,5.14,0.81
10.62,4.0,11.79,10.94,12.96,14.12,11.68,11.79,10.62,10.94,10.51,4.0,1.0
10.62,6.0,11.79,10.94,12.96,14.12,11.68,11.79,10.62,10.94,10.51,4.44,0.71
10.62,5.0,11.79,10.94,12.96,14.12,11.68,11.79,10.62,10.94,10.51,5.0,1.0
9.18,5.0,10.19,9.46,11.2,12.21,10.1,10.19,9.18,9.46,9.09,5.0,1.0
10.62,4.0,11.79,10.94,12.96,14.12,11.68,11.79,10.62,10.94,10.51,4.0,1.0
10.62,4.0,11.79,10.94,12.96,14.12,11.68,11.79,10.62,10.94,10.51,4.0,1.0
10.62,5.0,11.79,10.94,12.96,14.12,11.68,11.79,10.62,10.94,10.51,5.0,1.0
10.62,7.0,11.79,10.94,12.96,14.12,11.68,11.79,10.62,10.94,10.51,5.93,0.84
10.62,4.0,11.79,10.94,12.96,14.12,11.68,11.79,10.62,10.94,10.51,4.0,1.0
10.62,7.0,11.79,10.94,12.96,14.12,11.68,11.79,10.62,10.94,10.51,5.2,0.77
9.18,7.0,10.19,9.46,11.2,12.21,10.1,10.19,9.18,9.46,9.09,5.28,0.73
9.18,4.0,10.19,9.46,11.2,12.21,10.1,10.19,9.18,9.46,9.09,4.0,1.0
10.62,4.0,11.79,10.94,12.96,14.12,11.68,11.79,10.62,10.94,10.51,4.0,1.0
10.62,7.0,11.79,10.94,12.96,14.12,11.68,11.79,10.62,10.94,10.51,5.22,0.77
10.62,6.0,11.79,10.94,12.96,14.12,11.68,11.79,10.62,10.94,10.51,4.14,0.7
10.62,6.0,11.79,10.94,12.96,14.12,11.68,11.79,10.62,10.94,10.51,4.3,0.71
10.62,5.0,11.79,10.94,12.96,14.12,11.68,11.79,10.62,10.94,10.51,5.0,1.0
10.62,4.0,11.79,10.94,12.96,14.12,11.68,11.79,10.62,10.94,10.51,4.0,1.0
10.62,5.0,11.79,10.94,12.96,14.12,11.68,11.79,10.62,10.94,10.51,5.0,1.0
10.62,7.0,11.79,10.94,12.96,14.12,11.68,11.79,10.62,10.94,10.51,5.31,0.76
10.62,6.0,11.79,10.94,12.96,14.12,11.68,11.79,10.62,10.94,10.51,4.94,0.68
10.62,4.0,11.79,10.94,12.96,14.12,11.68,11.79,10.62,10.94,10.51,4.0,1.0
10.62,4.0,11.79,10.94,12.96,14.12,11.68,11.79,10.62,10.94,10.51,4.0,1.0
9.18,4.0,10.19,9.46,11.2,12.21,10.1,10.19,9.18,9.46,9.09,4.0,1.0
10.62,5.0,11.79,10.94,12.96,14.12,11.68,11.79,10.62,10.94,10.51,5.0,1.0
10.62,4.0,11.79,10.94,12.96,14.12,11.68,11.79,10.62,10.94,10.51,4.0,1.0
10.62,5.0,11.79,10.94,12.96,14.12,11.68,11.79,10.62,10.94,10.51,5.0,1.0
10.62,7.0,11.79,10.94,12.96,14.12,11.68,11.79,10.62,10.94,10.51,5.11,0.81
10.62,4.0,11.79,10.94,12.96,14.12,11.68,11.79,10.62,10.94,10.51,4.0,1.0
10.62,6.0,11.79,10.94,12.96,14.12,11.68,11.79,10.62,10.94,10.51,4.64,0.73
10.62,6.0,11.79,10.94,12.96,14.12,11.68,11.79,10.62,10.94,10.51,4.76,0.73
10.62,7.0,11.79,10.94,12.96,14.12,11.68,11.79,10.62,10.94,10.51,5.01,0.75
9.18,4.0,10.19,9.46,11.2,12.21,10.1,10.19,9.18,9.46,9.09,4.0,1.0
10.62,5.0,11.79,10.94,12.96,14.12,11.68,11.79,10.62,10.94,10.51,5.0,1.0
10.62,7.0,11.79,10.94,12.96,14.12,11.68,11.79,10.62,10.94,10.51,5.2,0.73
10.62,4.0,11.79,10.94,12.96,14.12,11.68,11.79,10.62,10.94,10.51,4.0,1.0
9.18,6.0,10.19,9.46,11.2,12.21,10.1,10.19,9.18,9.46,9.09,4.59,0.67
9.18,5.0,10.19,9.46,11.2,12.21,10.1,10.19,9.18,9.46,9.09,5.0,1.0
10.62,4.0,11.79,10.94,12.96,14.12,11.68,11.79,10.62,10.94,10.51,4.0,1.0
10.62,6.0,11.79,10.94,12.96,14.12,11.68,11.79,10.62,10.94,10.51,4.93,0.8
10.62,6.0,11.79,10.94,12.96,14.12,11.68,11.79,10.62,10.94,10.51,4.82,0.72
10.62,7.0,11.79,10.94,12.96,14.12,11.68,11.79,10.62,10.94,10.51,5.83,0.72
10.62,7.0,11.79,10.94,12.96,14.12,11.68,11.79,10.62,10.94,10.51,5.2,0.74
9.18,5.0,10.19,9.46,11.2,12.21,10.1,10.19,9.18,9.46,9.09,5.0,1.0
10.62,7.0,11.79,10.94,12.96,14.12,11.68,11.79,10.62,10.94,10.51,5.63,0.77
9.18,5.0,10.19,9.46,11.2,12.21,10.1,10.19,9.18,9.46,9.09,5.0,1.0
10.62,7.0,11.79,10.94,12.96,14.12,11.68,11.79,10.62,10.94,10.51,5.16,0.82
10.62,6.0,11.79,10.94,12.96,14.12,11.68,11.79,10.62,10.94,10.51,4.51,0.67
9.18,5.0,10.19,9.46,11.2,12.21,10.1,10.19,9.18,9.46,9.09,5.0,1.0
9.18,4.0,10.19,9.46,11.2,12.21,10.1,10.19,9.18,9.46,9.09,4.0,1.0
10.62,4.0,11.79,10.94,12.96,14.12,11.68,11.79,10.62,10.94,10.51,4.0,1.0
10.62,5.0,11.79,10.94,12.96,14.12,11.68,11.79,10.62,10.94,10.51,5.0,1.0
10.62,6.0,11.79,10.94,12.96,14.12,11.68,11.79,10.62,10.94,10.51,4.59,0.79
9.18,4.0,10.19,9.46,11.2,12.21,10.1,10.19,9.18,9.46,9.09,4.0,1.0
10.62,4.0,11.79,10.94,12.96,14.12,11.68,11.79,10.62,10.94,10.51,4.0,1.0
9.18,5.0,10.19,9.46,11.2,12.21,10.1,10.19,9.18,9.46,9.09,5.0,1.0
10.62,5.0,11.79,10.94,12.96,14.12,11.68,11.79,10.62,10.94,10.51,5.0,1.0
10.62,6.0,11.79,10.94,12.96,14.12,11.68,11.79,10.62,10.94,10.51,4.13,0.8
10.62,5.0,11.79,10.94,12.96,14.12,11.68,11.79,10.62,10.94,10.51,5.0,1.0
10.62,7.0,11.79,10.94,12.96,14.12,11.68,11.79,10.62,10.94,10.51,5.94,0.85
10.62,7.0,11.79,10.94,12.96,14.12,11.68,11.79,10.62,10.94,10.51,5.73,0.77
10.62,5.0,11.79,10.94,12.96,14.12,11.68,11.79,10.62,10.94,10.51,5.0,1.0
9.18,7.0,10.19,9.46,11.2,12.21,10.1,10.19,9.18,9.46,9.09,5.31,0.76
10.62,4.0,11.79,10.94,12.96,14.12,11.68,11.79,10.62,10.94,10.51,4.0,1.0
10.62,7.0,11.79,10.94,12.96,14.12,11.68,11.79,10.62,10.94,10.51,5.2,0.85
10.62,7.0,11.79,10.94,12.96,14.12,11.68,11.79,10.62,10.94,10.51,5.86,0.76
9.18,7.0,10.19,9.46,11.2,12.21,10.1,10.19,9.18,9.46,9.09,5.1,0.75
9.18,6.0,10.19,9.46,11.2,12.21,10.1,10.19,9.18,9.46,9.09,4.81,0.83
10.62,5.0,11.79,10.94,12.96,14.12,11.68,11.79,10.62,10.94,10.51,5.0,1.0
10.62,6.0,11.79,10.94,12.96,14.12,11.68,11.79,10.62,10.94,10.51,4.01,0.81
10.62,7.0,11.79,10.94,12.96,14.12,11.68,11.79,10.62,10.94,10.51,5.79,0.79
10.62,5.0,11.79,10.94,12.96,14.12,11.68,11.79,10.62,10.94,10.51,5.0,1.0
10.62,6.0,11.79,10.94,12.96,14.12,11.68,11.79,10.62,10.94,10.51,4.59,0.76
9.18,6.0,10.19,9.46,11.2,12.21,10.1,10.19,9.18,9.46,9.09,4.46,0.69
10.62,6.0,11.79,10.94,12.96,14.12,11.68,11.79,10.62,10.94,10.51,4.28,0.81
10.62,4.0,11.79,10.94,12.96,14.12,11.68,11.79,10.62,10.94,10.51,4.0,1.0
9.18,7.0,10.19,9.46,11.2,12.21,10.1,10.19,9.18,9.46,9.09,5.6,0.84
10.62,4.0,11.79,10.94,12.96,14.12,11.68,11.79,10.62,10.94,10.51,4.0,1.0
10.62,7.0,11.79,10.94,12.96,14.12,11.68,11.79,10.62,10.94,10.51,5.76,0.77
10.62,7.0,11.79,10.94,12.96,14.12,11.68,11.79,10.62,10.94,10.51,5.32,0.82
10.62,7.0,11.79,10.94,12.96,14.12,11.68,11.79,10.62,10.94,10.51,5.89,0.8
9.18,7.0,10.19,9.46,11.2,12.21,10.1,10.19,9.18,9.46,9.09,5.28,0.77
10.62,5.0,11.79,10.94,12.96,14.12,11.68,11.79,10.62,10.94,10.51,5.0,1.0
10.62,5.0,11.79,10.94,12.96,14.12,11.68,11.79,10.62,10.94,10.51,5.0,1.0
10.62,5.0,11.79,10.94,12.96,14.12,11.68,11.79,10.62,10.94,10.51,5.0,1.0
10.62,6.0,11.79,10.94,12.96,14.12,11.68,11.79,10.62,10.94,10.51,4.67,0.75
10.62,6.0,11.79,10.94,12.96,14.12,11.68,11.79,10.62,10.94,10.51,4.93,0.79
9.18,7.0,10.19,9.46,11.2,12.21,10.1,10.19,9.18,9.46,9.09,5.92,0.76
9.18,6.0,10.19,9.46,11.2,12.21,10.1,10.19,9.18,9.46,9.09,4.36,0.77
9.18,7.0,10.19,9.46,11.2,12.21,10.1,10.19,9.18,9.46,9.09,5.17,0.83
10.62,7.0,11.79,10.94,12.96,14.12,11.68,11.79,10.62,10.94,10.51,5.73,0.8
10.62,5.0,11.79,10.94,12.96,14.12,11.68,11.79,10.62,10.94,10.51,5.0,1.0
10.62,4.0,11.79,10.94,12.96,14.12,11.68,11.79,10.62,10.94,10.51,4.0,1.0
9.18,6.0,10.19,9.46,11.2,12.21,10.1,10.19,9.18,9.46,9.09,4.25,0.72
10.62,4.0,11.79,10.94,12.96,14.12,11.68,11.79,10.62,10.94,10.51,4.0,1.0
10.62,7.0,11.79,10.94,12.96,14.12,11.68,11.79,10.62,10.94,10.51,5.67,0.76
10.62,4.0,11.79,10.94,12.96,14.12,11.68,11.79,10.62,10.94,10.51,4.0,1.0
10.62,4.0,11.79,10.94,12.96,14.12,11.68,11.79,10.62,10.94,10.51,4.0,1.0
10.62,7.0,11.79,10.94,12.96,14.12,11.68,11.79,10.62,10.94,10.51,6.0,0.72
10.62,6.0,11.79,10.94,12.96,14.12,11.68,11.79,10.62,10.94,10.51,4.04,0.7
10.62,4.0,11.79,10.94,12.96,14.12,11.68,11.79,10.62,10.94,10.51,4.0,1.0
10.62,5.0,11.79,10.94,12.96,14.12,11.68,11.79,10.62,10.94,10.51,5.0,1.0
9.18,4.0,10.19,9.46,11.2,12.21,10.1,10.19,9.18,9.46,9.09,4.0,1.0
10.62,4.0,11.79,10.94,12.96,14.12,11.68,11.79,10.62,10.94,10.51,4.0,1.0
10.62,5.0,11.79,10.94,12.96,14.12,11.68,11.79,10.62,10.94,10.51,5.0,1.0
10.62,4.0,11.79,10.94,12.96,14.12,11.68,11.79,10.62,10.94,10.51,4.0,1.0
10.62,4.0,11.79,10.94,12.96,14.12,11.68,11.79,10.62,10.94,10.51,4.0,1.0
9.18,4.0,10.19,9.46,11.2,12.21,10.1,10.19,9.18,9.46,9.09,4.0,1.0
10.62,6.0,11.79,10.94,12.96,14.12,11.68,11.79,10.62,10.94,10.51,4.64,0.68
10.62,4.0,11.79,10.94,12.96,14.12,11.68,11.79,10.62,10.94,10.51,4.0,1.0
9.18,4.0,10.19,9.46,11.2,12.21,10.1,10.19,9.18,9.46,9.09,4.0,1.0
10.62,7.0,11.79,10.94,12.96,14.12,11.68,11.79,10.62,10.94,10.51,5.56,0.82
10.62,7.0,11.79,10.94,12.96,14.12,11.68,11.79,10.62,10.94,10.51,5.24,0.83
10.62,4.0,11.79,10.94,12.96,14.12,11.68,11.79,10.62,10.94,10.51,4.0,1.0
10.62,5.0,11.79,10.94,12.96,14.12,11.68,11.79,10.62,10.94,10.51,5.0,1.0
9.18,6.0,10.19,9.46,11.2,12.21,10.1,10.19,9.18,9.46,9.09,4.69,0.79
9.18,7.0,10.19,9.46,11.2,12.21,10.1,10.19,9.18,9.46,9.09,5.85,0.74
10.62,6.0,11.79,10.94,12.96,14.12,11.68,11.79,10.62,10.94,10.51,4.43,0.81
10.62,7.0,11.79,10.94,12.96,14.12,11.68,11.79,10.62,10.94,10.51,5.72,0.8
10.62,4.0,11.79,10.94,12.96,14.12,11.68,11.79,10.62,10.94,10.51,4.0,1.0
10.62,6.0,11.79,10.94,12.96,14.12,11.68,11.79,10.62,10.94,10.51,4.64,0.81
10.62,4.0,11.79,10.94,12.96,14.12,11.68,11.79,10.62,10.94,10.51,4.0,1.0
9.18,4.0,10.19,9.46,11.2,12.21,10.1,10.19,9.18,9.46,9.09,4.0,1.0
10.62,7.0,11.79,10.94,12.96,14.12,11.68,11.79,10.62,10.94,10.51,5.23,0.84
9.18,4.0,10.19,9.46,11.2,12.21,10.1,10.19,9.18,9.46,9.09,4.0,1.0
10.62,7.0,11.79,10.94,12.96,14.12,11.68,11.79,10.62,10.94,10.51,5.33,0.82
10.62,7.0,11.79,10.94,12.96,14.12,11.68,11.79,10.62,10.94,10.51,5.35,0.77
9.18,6.0,10.19,9.46,11.2,12.21,10.1,10.19,9.18,9.46,9.09,4.11,0.81
9.18,4.0,10.19,9.46,11.2,12.21,10.1,10.19,9.18,9.46,9.09,4.0,1.0
10.62,7.0,11.79,10.94,12.96,14.12,11.68,11.79,10.62,10.94,10.51,5.81,0.72
10.62,4.0,11.79,10.94,12.96,14.12,11.68,11.79,10.62,10.94,10.51,4.0,1.0
10.62,6.0,11.79,10.94,12.96,14.12,11.68,11.79,10.62,10.94,10.51,4.78,0.7
9.18,4.0,10.19,9.46,11.2,12.21,10.1,10.19,9.18,9.46,9.09,4.0,1.0
10.62,4.0,11.79,10.94,12.96,14.12,11.68,11.79,10.62,10.94,10.51,4.0,1.0
9.18,4.0,10.19,9.46,11.2,12.21,10.1,10.19,9.18,9.46,9.09,4.0,1.0
10.62,4.0,11.79,10.94,12.96,14.12,11.68,11.79,10.62,10.94,10.51,4.0,1.0
10.62,5.0,11.79,10.94,12.96,14.12,11.68,11.79,10.62,10.94,10.51,5.0,1.0
10.62,6.0,11.79,10.94,12.96,14.12,11.68,11.79,10.62,10.94,10.51,4.84,0.83
10.62,4.0,11.79,10.94,12.96,14.12,11.68,11.79,10.62,10.94,10.51,4.0,1.0
10.62,4.0,11.79,10.94,12.96,14.12,11.68,11.79,10.62,10.94,10.51,4.0,1.0
10.62,7.0,11.79,10.94,12.96,14.12,11.68,11.79,10.62,10.94,10.51,5.92,0.78
9.18,4.0,10.19,9.46,11.2,12.21,10.1,10.19,9.18,9.46,9.09,4.0,1.0
10.62,4.0,11.79,10.94,12.96,14.12,11.68,11.79,10.62,10.94,10.51,4.0,1.0
10.62,5.0,11.79,10.94,12.96,14.12,11.68,11.79,10.62,10.94,10.51,5.0,1.0
10.62,4.0,11.79,10.94,12.96,14.12,11.68,11.79,10.62,10.94,10.51,4.0,1.0
9.18,4.0,10.19,9.46,11.2,12.21,10.1,10.19,9.18,9.46,9.09,4.0,1.0
9.18,4.0,10.19,9.46,11.2,12.21,10.1,10.19,9.18,9.46,9.09,4.0,1.0
10.62,4.0,11.79,10.94,12.96,14.12,11.68,11.79,10.62,10.94,10.51,4.0,1.0
10.62,4.0,11.79,10.94,12.96,14.12,11.68,11.79,10.62,10.94,10.51,4.0,1.0
10.62,5.0,11.79,10.94,12.96,14.12,11.68,11.79,10.62,10.94,10.51,5.0,1.0
10.62,6.0,11.79,10.94,12.96,14.12,11.68,11.79,10.62,10.94,10.51,4.36,0.73
10.62,5.0,11.79,10.94,12.96,14.12,11.68,11.79,10.62,10.94,10.51,5.0,1.0
9.18,7.0,10.19,9.46,11.2,12.21,10.1,10.19,9.18,9.46,9.09,5.78,0.79
10.62,6.0,11.79,10.94,12.96,14.12,11.68,11.79,10.62,10.94,10.51,4.18,0.71
10.62,6.0,11.79,10.94,12.96,14.12,11.68,11.79,10.62,10.94,10.51,4.9,0.69
9.18,4.0,10.19,9.46,11.2,12.21,10.1,10.19,9.18,9.46,9.09,4.0,1.0
10.62,7.0,11.79,10.94,12.96,14.12,11.68,11.79,10.62,10.94,10.51,5.33,0.76
10.62,6.0,11.79,10.94,12.96,14.12,11.68,11.79,10.62,10.94,10.51,4.64,0.69
10.62,4.0,11.79,10.94,12.96,14.12,11.68,11.79,10.62,10.94,10.51,4.0,1.0
10.62,5.0,11.79,10.94,12.96,14.12,11.68,11.79,10.62,10.94,10.51,5.0,1.0
9.18,5.0,10.19,9.46,11.2,12.21,10.1,10.19,9.18,9.46,9.09,5.0,1.0
10.62,5.0,11.79,10.94,12.96,14.12,11.68,11.79,10.62,10.94,10.51,5.0,1.0
10.62,5.0,11.79,10.94,12.96,14.12,11.68,11.79,10.62,10.94,10.51,5.0,1.0
10.62,6.0,11.79,10.94,12.96,14.12,11.68,11.79,10.62,10.94,10.51,4.05,0.78
10.62,5.0,11.79,10.94,12.96,14.12,11.68,11.79,10.62,10.94,10.51,5.0,1.0
10.62,5.0,11.79,10.94,12.96,14.12,11.68,11.79,10.62,10.94,10.51,5.0,1.0
9.18,5.0,10.19,9.46,11.2,12.21,10.1,10.19,9.18,9.46,9.09,5.0,1.0
9.18,5.0,10.19,9.46,11.2,12.21,10.1,10.19,9.18,9.46,9.09,5.0,1.0
9.18,7.0,10.19,9.46,11.2,12.21,10.1,10.19,9.18,9.46,9.09,5.27,0.75
10.62,5.0,11.79,10.94,12.96,14.12,11.68,11.79,10.62,10.94,10.51,5.0,1.0
10.62,4.0,11.79,10.94,12.96,14.12,11.68,11.79,10.62,10.94,10.51,4.0,1.0
10.62,5.0,11.79,10.94,12.96,14.12,11.68,11.79,10.62,10.94,10.51,5.0,1.0
9.18,7.0,10.19,9.46,11.2,12.21,10.1,10.19,9.18,9.46,9.09,5.27,0.8
10.62,6.0,11.79,10.94,12.96,14.12,11.68,11.79,10.62,10.94,10.51,4.09,0.68
10.62,4.0,11.79,10.94,12.96,14.12,11.68,11.79,10.62,10.94,10.51,4.0,1.0
10.62,6.0,11.79,10.94,12.96,14.12,11.68,11.79,10.62,10.94,10.51,4.85,0.81
10.62,6.0,11.79,10.94,12.96,14.12,11.68,11.79,10.62,10.94,10.51,4.53,0.78
10.62,4.0,11.79,10.94,12.96,14.12,11.68,11.79,10.62,10.94,10.51,4.0,1.0
10.62,7.0,11.79,10.94,12.96,14.12,11.68,11.79,10.62,10.94,10.51,5.35,0.79
10.62,7.0,11.79,10.94,12.96,14.12,11.68,11.79,10.62,10.94,10.51,5.91,0.84
10.62,4.0,11.79,10.94,12.96,14.12,11.68,11.79,10.62,10.94,10.51,4.0,1.0
9.18,6.0,10.19,9.46,11.2,12.21,10.1,10.19,9.18,9.46,9.09,4.67,0.78
10.62,5.0,11.79,10.94,12.96,14.12,11.68,11.79,10.62,10.94,10.51,5.0,1.0
10.62,7.0,11.79,10.94,12.96,14.12,11.68,11.79,10.62,10.94,10.51,5.72,0.77
10.62,7.0,11.79,10.94,12.96,14.12,11.68,11.79,10.62,10.94,10.51,5.94,0.72
10.62,5.0,11.79,10.94,12.96,14.12,11.68,11.79,10.62,10.94,10.51,5.0,1.0
9.18,6.0,10.19,9.46,11.2,12.21,10.1,10.19,9.18,9.46,9.09,4.74,0.75
9.18,6.0,10.19,9.46,11.2,12.21,10.1,10.19,9.18,9.46,9.09,4.81,0.73
10.62,7.0,11.79,10.94,12.96,14.12,11.68,11.79,10.62,10.94,10.51,5.85,0.79
10.62,7.0,11.79,10.94,12.96,14.12,11.68,11.79,10.62,10.94,10.51,5.7,0.81
10.62,5.0,11.79,10.94,12.96,14.12,11.68,11.79,10.62,10.94,10.51,5.0,1.0
10.62,5.0,11.79,10.94,12.96,14.12,11.68,11.79,10.62,10.94,10.51,5.0,1.0
9.18,5.0,10.19,9.46,11.2,12.21,10.1,10.19,9.18,9.46,9.09,5.0,1.0
9.18,5.0,10.19,9.46,11.2,12.21,10.1,10.19,9.18,9.46,9.09,5.0,1.0
9.18,5.0,10.19,9.46,11.2,12.21,10.1,10.19,9.18,9.46,9.09,5.0,1.0
10.62,6.0,11.79,10.94,12.96,14.12,11.68,11.79,10.62,10.94,10.51,4.9,0.76
10.62,6.0,11.79,10.94,12.96,14.12,11.68,11.79,10.62,10.94,10.51,4.68,0.69
10.62,5.0,11.79,10.94,12.96,14.12,11.68,11.79,10.62,10.94,10.51,5.0,1.0
9.18,7.0,10.19,9.46,11.2,12.21,10.1,10.19,9.18,9.46,9.09,5.95,0.8
9.18,4.0,10.19,9.46,11.2,12.21,10.1,10.19,9.18,9.46,9.09,4.0,1.0
10.62,6.0,11.79,10.94,12.96,14.12,11.68,11.79,10.62,10.94,10.51,4.83,0.68
10.62,5.0,11.79,10.94,12.96,14.12,11.68,11.79,10.62,10.94,10.51,5.0,1.0
10.62,6.0,11.79,10.94,12.96,14.12,11.68,11.79,10.62,10.94,10.51,4.82,0.73
9.18,4.0,10.19,9.46,11.2,12.21,10.1,10.19,9.18,9.46,9.09,4.0,1.0
10.62,5.0,11.79,10.94,12.96,14.12,11.68,11.79,10.62,10.94,10.51,5.0,1.0
9.18,5.0,10.19,9.46,11.2,12.21,10.1,10.19,9.18,9.46,9.09,5.0,1.0
10.62,4.0,11.79,10.94,12.96,14.12,11.68,11.79,10.62,10.94,10.51,4.0,1.0
10.62,7.0,11.79,10.94,12.96,14.12,11.68,11.79,10.62,10.94,10.51,5.94,0.85
10.62,6.0,11.79,10.94,12.96,14.12,11.68,11.79,10.62,10.94,10.51,4.53,0.7
9.18,4.0,10.19,9.46,11.2,12.21,10.1,10.19,9.18,9.46,9.09,4.0,1.0
9.18,6.0,10.19,9.46,11.2,12.21,10.1,10.19,9.18,9.46,9.09,4.7,0.76
10.62,4.0,11.79,10.94,12.96,14.12,11.68,11.79,10.62,10.94,10.51,4.0,1.0
10.62,7.0,11.79,10.94,12.96,14.12,11.68,11.79,10.62,10.94,10.51,5.17,0.85
10.62,4.0,11.79,10.94,12.96,14.12,11.68,11.79,10.62,10.94,10.51,4.0,1.0
10.62,5.0,11.79,10.94,12.96,14.12,11.68,11.79,10.62,10.94,10.51,5.0,1.0
9.18,7.0,10.19,9.46,11.2,12.21,10.1,10.19,9.18,9.46,9.09,5.89,0.8
9.18,7.0,10.19,9.46,11.2,12.21,10.1,10.19,9.18,9.46,9.09,5.82,0.8
9.18,5.0,10.19,9.46,11.2,12.21,10.1,10.19,9.18,9.46,9.09,5.0,1.0
10.62,4.0,11.79,10.94,12.96,14.12,11.68,11.79,10.62,10.94,10.51,4.0,1.0
10.62,5.0,11.79,10.94,12.96,14.12,11.68,11.79,10.62,10.94,10.51,5.0,1.0
10.62,5.0,11.79,10.94,12.96,14.12,11.68,11.79,10.62,10.94,10.51,5.0,1.0
9.18,7.0,10.19,9.46,11.2,12.21,10.1,10.19,9.18,9.46,9.09,5.81,0.73
10.62,5.0,11.79,10.94,12.96,14.12,11.68,11.79,10.62,10.94,10.51,5.0,1.0
10.62,4.0,11.79,10.94,12.96,14.12,11.68,11.79,10.62,10.94,10.51,4.0,1.0
10.62,6.0,11.79,10.94,12.96,14.12,11.68,11.79,10.62,10.94,10.51,4.61,0.68
10.62,5.0,11.79,10.94,12.96,14.12,11.68,11.79,10.62,10.94,10.51,5.0,1.0
10.62,7.0,11.79,10.94,12.96,14.12,11.68,11.79,10.62,10.94,10.51,5.88,0.75
10.62,4.0,11.79,10.94,12.96,14.12,11.68,11.79,10.62,10.94,10.51,4.0,1.0
10.62,6.0,11.79,10.94,12.96,14.12,11.68,11.79,10.62,10.94,10.51,4.83,0.81
10.62,5.0,11.79,10.94,12.96,14.12,11.68,11.79,10.62,10.94,10.51,5.0,1.0
9.18,4.0,10.19,9.46,11.2,12.21,10.1,10.19,9.18,9.46,9.09,4.0,1.0
10.62,6.0,11.79,10.94,12.96,14.12,11.68,11.79,10.62,10.94,10.51,4.73,0.75
10.62,4.0,11.79,10.94,12.96,14.12,11.68,11.79,10.62,10.94,10.51,4.0,1.0
10.62,4.0,11.79,10.94,12.96,14.12,11.68,11.79,10.62,10.94,10.51,4.0,1.0
9.18,4.0,10.19,9.46,11.2,12.21,10.1,10.19,9.18,9.46,9.09,4.0,1.0
9.18,5.0,10.19,9.46,11.2,12.21,10.1,10.19,9.18,9.46,9.09,5.0,1.0
10.62,7.0,11.79,10.94,12.96,14.12,11.68,11.79,10.62,10.94,10.51,5.53,0.77
10.62,4.0,11.79,10.94,12.96,14.12,11.68,11.79,10.62,10.94,10.51,4.0,1.0
9.18,7.0,10.19,9.46,11.2,12.21,10.1,10.19,9.18,9.46,9.09,5.33,0.77
10.62,5.0,11.79,10.94,12.96,14.12,11.68,11.79,10.62,10.94,10.51,5.0,1.0
10.62,5.0,11.79,10.94,12.96,14.12,11.68,11.79,10.62,10.94,10.51,5.0,1.0
10.62,7.0,11.79,10.94,12.96,14.12,11.68,11.79,10.62,10.94,10.51,5.96,0.84
10.62,5.0,11.79,10.94,12.96,14.12,11.68,11.79,10.62,10.94,10.51,5.0,1.0
10.62,7.0,11.79,10.94,12.96,14.12,11.68,11.79,10.62,10.94,10.51,5.93,0.74
10.62,7.0,11.79,10.94,12.96,14.12,11.68,11.79,10.62,10.94,10.51,5.78,0.8
9.18,4.0,10.19,9.46,11.2,12.21,10.1,10.19,9.18,9.46,9.09,4.0,1.0
9.18,7.0,10.19,9.46,11.2,12.21,10.1,10.19,9.18,9.46,9.09,5.08,0.78
10.62,6.0,11.79,10.94,12.96,14.12,11.68,11.79,10.62,10.94,10.51,4.48,0.82
10.62,4.0,11.79,10.94,12.96,14.12,11.68,11.79,10.62,10.94,10.51,4.0,1.0
10.62,5.0,11.79,10.94,12.96,14.12,11.68,11.79,10.62,10.94,10.51,5.0,1.0
10.62,7.0,11.79,10.94,12.96,14.12,11.68,11.79,10.62,10.94,10.51,5.77,0.72
10.62,5.0,11.79,10.94,12.96,14.12,11.68,11.79,10.62,10.94,10.51,5.0,1.0
9.18,4.0,10.19,9.46,11.2,12.21,10.1,10.19,9.18,9.46,9.09,4.0,1.0
9.18,4.0,10.19,9.46,11.2,12.21,10.1,10.19,9.18,9.46,9.09,4.0,1.0
9.18,6.0,10.19,9.46,11.2,12.21,10.1,10.19,9.18,9.46,9.09,4.46,0.81
10.62,6.0,11.79,10.94,12.96,14.12,11.68,11.79,10.62,10.94,10.51,4.63,0.78
10.62,6.0,11.79,10.94,12.96,14.12,11.68,11.79,10.62,10.94,10.51,4.26,0.76
10.62,5.0,11.79,10.94,12.96,14.12,11.68,11.79,10.62,10.94,10.51,5.0,1.0
9.18,6.0,10.19,9.46,11.2,12.21,10.1,10.19,9.18,9.46,9.09,4.54,0.82
10.62,4.0,11.79,10.94,12.96,14.12,11.68,11.79,10.62,10.94,10.51,4.0,1.0
9.18,7.0,10.19,9.46,11.2,12.21,10.1,10.19,9.18,9.46,9.09,5.24,0.81
9.18,6.0,10.19,9.46,11.2,12.21,10.1,10.19,9.18,9.46,9.09,4.82,0.73
10.62,4.0,11.79,10.94,12.96,14.12,11.68,11.79,10.62,10.94,10.51,4.0,1.0
10.62,5.0,11.79,10.94,12.96,14.12,11.68,11.79,10.62,10.94,10.51,5.0,1.0
10.62,4.0,11.79,10.94,12.96,14.12,11.68,11.79,10.62,10.94,10.51,4.0,1.0
9.18,7.0,10.19,9.46,11.2,12.21,10.1,10.19,9.18,9.46,9.09,5.4,0.74
10.62,6.0,11.79,10.94,12.96,14.12,11.68,11.79,10.62,10.94,10.51,4.29,0.81
9.18,4.0,10.19,9.46,11.2,12.21,10.1,10.19,9.18,9.46,9.09,4.0,1.0
10.62,4.0,11.79,10.94,12.96,14.12,11.68,11.79,10.62,10.94,10.51,4.0,1.0
10.62,6.0,11.79,10.94,12.96,14.12,11.68,11.79,10.62,10.94,10.51,4.15,0.69
10.62,7.0,11.79,10.94,12.96,14.12,11.68,11.79,10.62,10.94,10.51,5.25,0.75
10.62,7.0,11.79,10.94,12.96,14.12,11.68,11.79,10.62,10.94,10.51,5.43,0.76
10.62,7.0,11.79,10.94,12.96,14.12,11.68,11.79,10.62,10.94,10.51,5.46,0.78
10.62,7.0,11.79,10.94,12.96,14.12,11.68,11.79,10.62,10.94,10.51,5.06,0.72
9.18,4.0,10.19,9.46,11.2,12.21,10.1,10.19,9.18,9.46,9.09,4.0,1.0
10.62,6.0,11.79,10.94,12.96,14.12,11.68,11.79,10.62,10.94,10.51,4.08,0.83
10.62,6.0,11.79,10.94,12.96,14.12,11.68,11.79,10.62,10.94,10.51,4.51,0.67
10.62,5.0,11.79,10.94,12.96,14.12,11.68,11.79,10.62,10.94,10.51,5.0,1.0
9.18,6.0,10.19,9.46,11.2,12.21,10.1,10.19,9.18,9.46,9.09,4.2,0.8
9.18,6.0,10.19,9.46,11.2,12.21,10.1,10.19,9.18,9.46,9.09,4.6,0.73
10.62,5.0,11.79,10.94,12.96,14.12,11.68,11.79,10.62,10.94,10.51,5.0,1.0
10.62,7.0,11.79,10.94,12.96,14.12,11.68,11.79,10.62,10.94,10.51,5.12,0.79
10.62,5.0,11.79,10.94,12.96,14.12,11.68,11.79,10.62,10.94,10.51,5.0,1.0
10.62,7.0,11.79,10.94,12.96,14.12,11.68,11.79,10.62,10.94,10.51,5.51,0.83
10.62,7.0,11.79,10.94,12.96,14.12,11.68,11.79,10.62,10.94,10.51,5.59,0.74
9.18,6.0,10.19,9.46,11.2,12.21,10.1,10.19,9.18,9.46,9.09,4.35,0.72
10.62,5.0,11.79,10.94,12.96,14.12,11.68,11.79,10.62,10.94,10.51,5.0,1.0
10.62,6.0,11.79,10.94,12.96,14.12,11.68,11.79,10.62,10.94,10.51,4.83,0.76
9.18,7.0,10.19,9.46,11.2,12.21,10.1,10.19,9.18,9.46,9.09,5.21,0.72
9.18,6.0,10.19,9.46,11.2,12.21,10.1,10.19,9.18,9.46,9.09,4.3,0.72
10.62,5.0,11.79,10.94,12.96,14.12,11.68,11.79,10.62,10.94,10.51,5.0,1.0
10.62,7.0,11.79,10.94,12.96,14.12,11.68,11.79,10.62,10.94,10.51,5.17,0.76
10.62,5.0,11.79,10.94,12.96,14.12,11.68,11.79,10.62,10.94,10.51,5.0,1.0
9.18,6.0,10.19,9.46,11.2,12.21,10.1,10.19,9.18,9.46,9.09,4.06,0.78
10.62,6.0,11.79,10.94,12.96,14.12,11.68,11.79,10.62,10.94,10.51,4.67,0.75
9.18,4.0,10.19,9.46,11.2,12.21,10.1,10.19,9.18,9.46,9.09,4.0,1.0
10.62,6.0,11.79,10.94,12.96,14.12,11.68,11.79,10.62,10.94,10.51,4.56,0.72
10.62,7.0,11.79,10.94,12.96,14.12,11.68,11.79,10.62,10.94,10.51,5.85,0.77
10.62,6.0,11.79,10.94,12.96,14.12,11.68,11.79,10.62,10.94,10.51,4.71,0.69
9.18,7.0,10.19,9.46,11.2,12.21,10.1,10.19,9.18,9.46,9.09,5.19,0.77
9.18,4.0,10.19,9.46,11.2,12.21,10.1,10.19,9.18,9.46,9.09,4.0,1.0
10.62,7.0,11.79,10.94,12.96,14.12,11.68,11.79,10.62,10.94,10.51,5.58,0.73
10.62,5.0,11.79,10.94,12.96,14.12,11.68,11.79,10.62,10.94,10.51,5.0,1.0
10.62,5.0,11.79,10.94,12.96,14.12,11.68,11.79,10.62,10.94,10.51,5.0,1.0
10.62,7.0,11.79,10.94,12.96,14.12,11.68,11.79,10.62,10.94,10.51,5.04,0.82
9.18,5.0,10.19,9.46,11.2,12.21,10.1,10.19,9.18,9.46,9.09,5.0,1.0
9.18,7.0,10.19,9.46,11.2,12.21,10.1,10.19,9.18,9.46,9.09,5.22,0.85
9.18,4.0,10.19,9.46,11.2,12.21,10.1,10.19,9.18,9.46,9.09,4.0,1.0
10.62,7.0,11.79,10.94,12.96,14.12,11.68,11.79,10.62,10.94,10.51,5.21,0.81
10.62,7.0,11.79,10.94,12.96,14.12,11.68,11.79,10.62,10.94,10.51,5.21,0.83
10.62,4.0,11.79,10.94,12.96,14.12,11.68,11.79,10.62,10.94,10.51,4.0,1.0
9.18,4.0,10.19,9.46,11.2,12.21,10.1,10.19,9.18,9.46,9.09,4.0,1.0
9.18,6.0,10.19,9.46,11.2,12.21,10.1,10.19,9.18,9.46,9.09,4.84,0.74
10.62,5.0,11.79,10.94,12.96,14.12,11.68,11.79,10.62,10.94,10.51,5.0,1.0
10.62,4.0,11.79,10.94,12.96,14.12,11.68,11.79,10.62,10.94,10.51,4.0,1.0
10.62,5.0,11.79,10.94,12.96,14.12,11.68,11.79,10.62,10.94,10.51,5.0,1.0
9.18,6.0,10.19,9.46,11.2,12.21,10.1,10.19,9.18,9.46,9.09,4.52,0.83
10.62,4.0,11.79,10.94,12.96,14.12,11.68,11.79,10.62,10.94,10.51,4.0,1.0
9.18,7.0,10.19,9.46,11.2,12.21,10.1,10.19,9.18,9.46,9.09,5.43,0.82
10.62,6.0,11.79,10.94,12.96,14.12,11.68,11.79,10.62,10.94,10.51,4.79,0.74
10.62,4.0,11.79,10.94,12.96,14.12,11.68,11.79,10.62,10.94,10.51,4.0,1.0
10.62,7.0,11.79,10.94,12.96,14.12,11.68,11.79,10.62,10.94,10.51,5.45,0.77
9.18,6.0,10.19,9.46,11.2,12.21,10.1,10.19,9.18,9.46,9.09,4.42,0.67
9.18,7.0,10.19,9.46,11.2,12.21,10.1,10.19,9.18,9.46,9.09,5.51,0.82
10.62,4.0,11.79,10.94,12.96,14.12,11.68,11.79,10.62,10.94,10.51,4.0,1.0
10.62,5.0,11.79,10.94,12.96,14.12,11.68,11.79,10.62,10.94,10.51,5.0,1.0
10.62,5.0,11.79,10.94,12.96,14.12,11.68,11.79,10.62,10.94,10.51,5.0,1.0
10.62,4.0,11.79,10.94,12.96,14.12,11.68,11.79,10.62,10.94,10.51,4.0,1.0
9.18,5.0,10.19,9.46,11.2,12.21,10.1,10.19,9.18,9.46,9.09,5.0,1.0
9.18,7.0,10.19,9.46,11.2,12.21,10.1,10.19,9.18,9.46,9.09,5.83,0.76
9.18,7.0,10.19,9.46,11.2,12.21,10.1,10.19,9.18,9.46,9.09,5.98,0.82
10.62,5.0,11.79,10.94,12.96,14.12,11.68,11.79,10.62,10.94,10.51,5.0,1.0
10.62,7.0,11.79,10.94,12.96,14.12,11.68,11.79,10.62,10.94,10.51,5.37,0.84
10.62,6.0,11.79,10.94,12.96,14.12,11.68,11.79,10.62,10.94,10.51,4.57,0.77
9.18,6.0,10.19,9.46,11.2,12.21,10.1,10.19,9.18,9.46,9.09,4.49,0.75
10.62,5.0,11.79,10.94,12.96,14.12,11.68,11.79,10.62,10.94,10.51,5.0,1.0
10.62,4.0,11.79,10.94,12.96,14.12,11.68,11.79,10.62,10.94,10.51,4.0,1.0
10.62,5.0,11.79,10.94,12.96,14.12,11.68,11.79,10.62,10.94,10.51,5.0,1.0
10.62,4.0,11.79,10.94,12.96,14.12,11.68,11.79,10.62,10.94,10.51,4.0,1.0
10.62,6.0,11.79,10.94,12.96,14.12,11.68,11.79,10.62,10.94,10.51,4.3,0.81
10.62,6.0,11.79,10.94,12.96,14.12,11.68,11.79,10.62,10.94,10.51,4.11,0.76
10.62,4.0,11.79,10.94,12.96,14.12,11.68,11.79,10.62,10.94,10.51,4.0,1.0
10.62,4.0,11.79,10.94,12.96,14.12,11.68,11.79,10.62,10.94,10.51,4.0,1.0
9.18,4.0,10.19,9.46,11.2,12.21,10.1,10.19,9.18,9.46,9.09,4.0,1.0
10.62,7.0,11.79,10.94,12.96,14.12,11.68,11.79,10.62,10.94,10.51,5.53,0.81
10.62,4.0,11.79,10.94,12.96,14.12,11.68,11.79,10.62,10.94,10.51,4.0,1.0
10.62,4.0,11.79,10.94,12.96,14.12,11.68,11.79,10.62,10.94,10.51,4.0,1.0
9.18,7.0,10.19,9.46,11.2,12.21,10.1,10.19,9.18,9.46,9.09,5.37,0.77
9.18,6.0,10.19,9.46,11.2,12.21,10.1,10.19,9.18,9.46,9.09,4.7,0.69
10.62,4.0,11.79,10.94,12.96,14.12,11.68,11.79,10.62,10.94,10.51,4.0,1.0
10.62,4.0,11.79,10.94,12.96,14.12,11.68,11.79,10.62,10.94,10.51,4.0,1.0
10.62,6.0,11.79,10.94,12.96,14.12,11.68,11.79,10.62,10.94,10.51,4.89,0.68
10.62,6.0,11.79,10.94,12.96,14.12,11.68,11.79,10.62,10.94,10.51,4.38,0.83
10.62,6.0,11.79,10.94,12.96,14.12,11.68,11.79,10.62,10.94,10.51,4.06,0.69
10.62,4.0,11.79,10.94,12.96,14.12,11.68,11.79,10.62,10.94,10.51,4.0,1.0
10.62,4.0,11.79,10.94,12.96,14.12,11.68,11.79,10.62,10.94,10.51,4.0,1.0
10.62,5.0,11.79,10.94,12.96,14.12,11.68,11.79,10.62,10.94,10.51,5.0,1.0
10.62,6.0,11.79,10.94,12.96,14.12,11.68,11.79,10.62,10.94,10.51,4.54,0.7
9.18,6.0,10.19,9.46,11.2,12.21,10.1,10.19,9.18,9.46,9.09,4.18,0.67
9.18,4.0,10.19,9.46,11.2,12.21,10.1,10.19,9.18,9.46,9.09,4.0,1.0
10.62,6.0,11.79,10.94,12.96,14.12,11.68,11.79,10.62,10.94,10.51,4.13,0.77
10.62,4.0,11.79,10.94,12.96,14.12,11.68,11.79,10.62,10.94,10.51,4.0,1.0
10.62,7.0,11.79,10.94,12.96,14.12,11.68,11.79,10.62,10.94,10.51,5.81,0.76
10.62,7.0,11.79,10.94,12.96,14.12,11.68,11.79,10.62,10.94,10.51,5.15,0.76
10.62,6.0,11.79,10.94,12.96,14.12,11.68,11.79,10.62,10.94,10.51,4.71,0.73
9.18,5.0,10.19,9.46,11.2,12.21,10.1,10.19,9.18,9.46,9.09,5.0,1.0
9.18,4.0,10.19,9.46,11.2,12.21,10.1,10.19,9.18,9.46,9.09,4.0,1.0
9.18,7.0,10.19,9.46,11.2,12.21,10.1,10.19,9.18,9.46,9.09,5.65,0.77
10.62,6.0,11.79,10.94,12.96,14.12,11.68,11.79,10.62,10.94,10.51,4.41,0.77
10.62,7.0,11.79,10.94,12.96,14.12,11.68,11.79,10.62,10.94,10.51,5.09,0.75
10.62,6.0,11.79,10.94,12.96,14.12,11.68,11.79,10.62,10.94,10.51,4.83,0.72
9.18,5.0,10.19,9.46,11.2,12.21,10.1,10.19,9.18,9.46,9.09,5.0,1.0
10.62,5.0,11.79,10.94,12.96,14.12,11.68,11.79,10.62,10.94,10.51,5.0,1.0
10.62,7.0,11.79,10.94,12.96,14.12,11.68,11.79,10.62,10.94,10.51,5.6,0.73
10.62,6.0,11.79,10.94,12.96,14.12,11.68,11.79,10.62,10.94,10.51,4.52,0.68
10.62,7.0,11.79,10.94,12.96,14.12,11.68,11.79,10.62,10.94,10.51,5.76,0.8
10.62,4.0,11.79,10.94,12.96,14.12,11.68,11.79,10.62,10.94,10.51,4.0,1.0
10.62,7.0,11.79,10.94,12.96,14.12,11.68,11.79,10.62,10.94,10.51,5.32,0.8
10.62,4.0,11.79,10.94,12.96,14.12,11.68,11.79,10.62,10.94,10.51,4.0,1.0
10.62,5.0,11.79,10.94,12.96,14.12,11.68,11.79,10.62,10.94,10.51,5.0,1.0
9.18,4.0,10.19,9.46,11.2,12.21,10.1,10.19,9.18,9.46,9.09,4.0,1.0
10.62,5.0,11.79,10.94,12.96,14.12,11.68,11.79,10.62,10.94,10.51,5.0,1.0
10.62,6.0,11.79,10.94,12.96,14.12,11.68,11.79,10.62,10.94,10.51,4.21,0.75
10.62,5.0,11.79,10.94,12.96,14.12,11.68,11.79,10.62,10.94,10.51,5.0,1.0
9.18,7.0,10.19,9.46,11.2,12.21,10.1,10.19,9.18,9.46,9.09,5.59,0.72
9.18,7.0,10.19,9.46,11.2,12.21,10.1,10.19,9.18,9.46,9.09,5.6,0.8
10.62,4.0,11.79,10.94,12.96,14.12,11.68,11.79,10.62,10.94,10.51,4.0,1.0
10.62,7.0,11.79,10.94,12.96,14.12,11.68,11.79,10.62,10.94,10.51,5.93,0.83
10.62,5.0,11.79,10.94,12.96,14.12,11.68,11.79,10.62,10.94,10.51,5.0,1.0
10.62,6.0,11.79,10.94,12.96,14.12,11.68,11.79,10.62,10.94,10.51,4.27,0.69
10.62,7.0,11.79,10.94,12.96,14.12,11.68,11.79,10.62,10.94,10.51,5.96,0.8
10.62,6.0,11.79,10.94,12.96,14.12,11.68,11.79,10.62,10.94,10.51,4.39,0.76
9.18,5.0,10.19,9.46,11.2,12.21,10.1,10.19,9.18,9.46,9.09,5.0,1.0
10.62,7.0,11.79,10.94,12.96,14.12,11.68,11.79,10.62,10.94,10.51,5.13,0.78
10.62,7.0,11.79,10.94,12.96,14.12,11.68,11.79,10.62,10.94,10.51,5.69,0.86
10.62,7.0,11.79,10.94,12.96,14.12,11.68,11.79,10.62,10.94,10.51,5.7,0.72
10.62,6.0,11.79,10.94,12.96,14.12,11.68,11.79,10.62,10.94,10.51,4.97,0.78
10.62,7.0,11.79,10.94,12.96,14.12,11.68,11.79,10.62,10.94,10.51,5.86,0.74
9.18,5.0,10.19,9.46,11.2,12.21,10.1,10.19,9.18,9.46,9.09,5.0,1.0
10.62,7.0,11.79,10.94,12.96,14.12,11.68,11.79,10.62,10.94,10.51,5.6,0.74
10.62,4.0,11.79,10.94,12.96,14.12,11.68,11.79,10.62,10.94,10.51,4.0,1.0
9.18,4.0,10.19,9.46,11.2,12.21,10.1,10.19,9.18,9.46,9.09,4.0,1.0
10.62,5.0,11.79,10.94,12.96,14.12,11.68,11.79,10.62,10.94,10.51,5.0,1.0
10.62,4.0,11.79,10.94,12.96,14.12,11.68,11.79,10.62,10.94,10.51,4.0,1.0
10.62,5.0,11.79,10.94,12.96,14.12,11.68,11.79,10.62,10.94,10.51,5.0,1.0
10.62,5.0,11.79,10.94,12.96,14.12,11.68,11.79,10.62,10.94,10.51,5.0,1.0
9.18,5.0,10.19,9.46,11.2,12.21,10.1,10.19,9.18,9.46,9.09,5.0,1.0
10.62,6.0,11.79,10.94,12.96,14.12,11.68,11.79,10.62,10.94,10.51,4.58,0.78
10.62,6.0,11.79,10.94,12.96,14.12,11.68,11.79,10.62,10.94,10.51,4.31,0.67
10.62,7.0,11.79,10.94,12.96,14.12,11.68,11.79,10.62,10.94,10.51,5.72,0.81
10.62,7.0,11.79,10.94,12.96,14.12,11.68,11.79,10.62,10.94,10.51,5.27,0.76
10.62,7.0,11.79,10.94,12.96,14.12,11.68,11.79,10.62,10.94,10.51,5.66,0.83
9.18,4.0,10.19,9.46,11.2,12.21,10.1,10.19,9.18,9.46,9.09,4.0,1.0
10.62,7.0,11.79,10.94,12.96,14.12,11.68,11.79,10.62,10.94,10.51,5.89,0.76
9.18,4.0,10.19,9.46,11.2,12.21,10.1,10.19,9.18,9.46,9.09,4.0,1.0
10.62,7.0,11.79,10.94,12.96,14.12,11.68,11.79,10.62,10.94,10.51,5.18,0.81
10.62,5.0,11.79,10.94,12.96,14.12,11.68,11.79,10.62,10.94,10.51,5.0,1.0
10.62,7.0,11.79,10.94,12.96,14.12,11.68,11.79,10.62,10.94,10.51,5.55,0.86
9.18,5.0,10.19,9.46,11.2,12.21,10.1,10.19,9.18,9.46,9.09,5.0,1.0
10.62,7.0,11.79,10.94,12.96,14.12,11.68,11.79,10.62,10.94,10.51,5.54,0.83
10.62,6.0,11.79,10.94,12.96,14.12,11.68,11.79,10.62,10.94,10.51,4.36,0.82
10.62,4.0,11.79,10.94,12.96,14.12,11.68,11.79,10.62,10.94,10.51,4.0,1.0
10.62,6.0,11.79,10.94,12.96,14.12,11.68,11.79,10.62,10.94,10.51,4.23,0.81
9.18,6.0,10.19,9.46,11.2,12.21,10.1,10.19,9.18,9.46,9.09,4.56,0.77
10.62,5.0,11.79,10.94,12.96,14.12,11.68,11.79,10.62,10.94,10.51,5.0,1.0
10.62,7.0,11.79,10.94,12.96,14.12,11.68,11.79,10.62,10.94,10.51,5.25,0.85
10.62,4.0,11.79,10.94,12.96,14.12,11.68,11.79,10.62,10.94,10.51,4.0,1.0
10.62,7.0,11.79,10.94,12.96,14.12,11.68,11.79,10.62,10.94,10.51,5.51,0.81
9.18,7.0,10.19,9.46,11.2,12.21,10.1,10.19,9.18,9.46,9.09,5.61,0.85
10.62,5.0,11.79,10.94,12.96,14.12,11.68,11.79,10.62,10.94,10.51,5.0,1.0
10.62,6.0,11.79,10.94,12.96,14.12,11.68,11.79,10.62,10.94,10.51,4.47,0.76
10.62,4.0,11.79,10.94,12.96,14.12,11.68,11.79,10.62,10.94,10.51,4.0,1.0
10.62,4.0,11.79,10.94,12.96,14.12,11.68,11.79,10.62,10.94,10.51,4.0,1.0
10.62,5.0,11.79,10.94,12.96,14.12,11.68,11.79,10.62,10.94,10.51,5.0,1.0
9.18,4.0,10.19,9.46,11.2,12.21,10.1,10.19,9.18,9.46,9.09,4.0,1.0
9.18,7.0,10.19,9.46,11.2,12.21,10.1,10.19,9.18,9.46,9.09,5.36,0.74
9.18,7.0,10.19,9.46,11.2,12.21,10.1,10.19,9.18,9.46,9.09,5.04,0.8
10.62,6.0,11.79,10.94,12.96,14.12,11.68,11.79,10.62,10.94,10.51,4.0,0.7
10.62,5.0,11.79,10.94,12.96,14.12,11.68,11.79,10.62,10.94,10.51,5.0,1.0
10.62,5.0,11.79,10.94,12.96,14.12,11.68,11.79,10.62,10.94,10.51,5.0,1.0
9.18,6.0,10.19,9.46,11.2,12.21,10.1,10.19,9.18,9.46,9.09,4.86,0.69
10.62,5.0,11.79,10.94,12.96,14.12,11.68,11.79,10.62,10.94,10.51,5.0,1.0
10.62,5.0,11.79,10.94,12.96,14.12,11.68,11.79,10.62,10.94,10.51,5.0,1.0
10.62,4.0,11.79,10.94,12.96,14.12,11.68,11.79,10.62,10.94,10.51,4.0,1.0
10.62,7.0,11.79,10.94,12.96,14.12,11.68,11.79,10.62,10.94,10.51,5.11,0.73
9.18,7.0,10.19,9.46,11.2,12.21,10.1,10.19,9.18,9.46,9.09,5.88,0.8
10.62,5.0,11.79,10.94,12.96,14.12,11.68,11.79,10.62,10.94,10.51,5.0,1.0
10.62,4.0,11.79,10.94,12.96,14.12,11.68,11.79,10.62,10.94,10.51,4.0,1.0
10.62,7.0,11.79,10.94,12.96,14.12,11.68,11.79,10.62,10.94,10.51,5.45,0.82
10.62,5.0,11.79,10.94,12.96,14.12,11.68,11.79,10.62,10.94,10.51,5.0,1.0
10.62,5.0,11.79,10.94,12.96,14.12,11.68,11.79,10.62,10.94,10.51,5.0,1.0
9.18,6.0,10.19,9.46,11.2,12.21,10.1,10.19,9.18,9.46,9.09,4.49,0.69
10.62,6.0,11.79,10.94,12.96,14.12,11.68,11.79,10.62,10.94,10.51,4.66,0.69
10.62,4.0,11.79,10.94,12.96,14.12,11.68,11.79,10.62,10.94,10.51,4.0,1.0
10.62,4.0,11.79,10.94,12.96,14.12,11.68,11.79,10.62,10.94,10.51,4.0,1.0
9.18,5.0,10.19,9.46,11.2,12.21,10.1,10.19,9.18,9.46,9.09,5.0,1.0
9.18,6.0,10.19,9.46,11.2,12.21,10.1,10.19,9.18,9.46,9.09,4.05,0.82
10.62,4.0,11.79,10.94,12.96,14.12,11.68,11.79,10.62,10.94,10.51,4.0,1.0
10.62,4.0,11.79,10.94,12.96,14.12,11.68,11.79,10.62,10.94,10.51,4.0,1.0
10.62,6.0,11.79,10.94,12.96,14.12,11.68,11.79,10.62,10.94,10.51,4.08,0.71
10.62,5.0,11.79,10.94,12.96,14.12,11.68,11.79,10.62,10.94,10.51,5.0,1.0
10.62,6.0,11.79,10.94,12.96,14.12,11.68,11.79,10.62,10.94,10.51,4.42,0.73
9.18,4.0,10.19,9.46,11.2,12.21,10.1,10.19,9.18,9.46,9.09,4.0,1.0
10.62,5.0,11.79,10.94,12.96,14.12,11.68,11.79,10.62,10.94,10.51,5.0,1.0
10.62,6.0,11.79,10.94,12.96,14.12,11.68,11.79,10.62,10.94,10.51,4.34,0.79
9.18,7.0,10.19,9.46,11.2,12.21,10.1,10.19,9.18,9.46,9.09,5.77,0.86
9.18,5.0,10.19,9.46,11.2,12.21,10.1,10.19,9.18,9.46,9.09,5.0,1.0
10.62,4.0,11.79,10.94,12.96,14.12,11.68,11.79,10.62,10.94,10.51,4.0,1.0
10.62,7.0,11.79,10.94,12.96,14.12,11.68,11.79,10.62,10.94,10.51,5.9,0.75
10.62,5.0,11.79,10.94,12.96,14.12,11.68,11.79,10.62,10.94,10.51,5.0,1.0
9.18,7.0,10.19,9.46,11.2,12.21,10.1,10.19,9.18,9.46,9.09,5.19,0.84
10.62,5.0,11.79,10.94,12.96,14.12,11.68,11.79,10.62,10.94,10.51,5.0,1.0
10.62,7.0,11.79,10.94,12.96,14.12,11.68,11.79,10.62,10.94,10.51,5.53,0.79
9.18,4.0,10.19,9.46,11.2,12.21,10.1,10.19,9.18,9.46,9.09,4.0,1.0
10.62,7.0,11.79,10.94,12.96,14.12,11.68,11.79,10.62,10.94,10.51,6.0,0.85
10.62,4.0,11.79,10.94,12.96,14.12,11.68,11.79,10.62,10.94,10.51,4.0,1.0
10.62,7.0,11.79,10.94,12.96,14.12,11.68,11.79,10.62,10.94,10.51,5.39,0.73
9.18,7.0,10.19,9.46,11.2,12.21,10.1,10.19,9.18,9.46,9.09,5.28,0.81
10.62,5.0,11.79,10.94,12.96,14.12,11.68,11.79,10.62,10.94,10.51,5.0,1.0
10.62,5.0,11.79,10.94,12.96,14.12,11.68,11.79,10.62,10.94,10.51,5.0,1.0
10.62,6.0,11.79,10.94,12.96,14.12,11.68,11.79,10.62,10.94,10.51,4.97,0.71
10.62,6.0,11.79,10.94,12.96,14.12,11.68,11.79,10.62,10.94,10.51,4.08,0.69
10.62,5.0,11.79,10.94,12.96,14.12,11.68,11.79,10.62,10.94,10.51,5.0,1.0
10.62,4.0,11.79,10.94,12.96,14.12,11.68,11.79,10.62,10.94,10.51,4.0,1.0
10.62,7.0,11.79,10.94,12.96,14.12,11.68,11.79,10.62,10.94,10.51,5.43,0.78
10.62,6.0,11.79,10.94,12.96,14.12,11.68,11.79,10.62,10.94,10.51,4.39,0.83
9.18,7.0,10.19,9.46,11.2,12.21,10.1,10.19,9.18,9.46,9.09,5.69,0.85
10.62,4.0,11.79,10.94,12.96,14.12,11.68,11.79,10.62,10.94,10.51,4.0,1.0
10.62,6.0,11.79,10.94,12.96,14.12,11.68,11.79,10.62,10.94,10.51,4.98,0.71
10.62,5.0,11.79,10.94,12.96,14.12,11.68,11.79,10.62,10.94,10.51,5.0,1.0
9.18,4.0,10.19,9.46,11.2,12.21,10.1,10.19,9.18,9.46,9.09,4.0,1.0
9.18,5.0,10.19,9.46,11.2,12.21,10.1,10.19,9.18,9.46,9.09,5.0,1.0
10.62,5.0,11.79,10.94,12.96,14.12,11.68,11.79,10.62,10.94,10.51,5.0,1.0
10.62,4.0,11.79,10.94,12.96,14.12,11.68,11.79,10.62,10.94,10.51,4.0,1.0
9.18,4.0,10.19,9.46,11.2,12.21,10.1,10.19,9.18,9.46,9.09,4.0,1.0
10.62,7.0,11.79,10.94,12.96,14.12,11.68,11.79,10.62,10.94,10.51,5.53,0.84
10.62,4.0,11.79,10.94,12.96,14.12,11.68,11.79,10.62,10.94,10.51,4.0,1.0
10.62,7.0,11.79,10.94,12.96,14.12,11.68,11.79,10.62,10.94,10.51,5.12,0.85
10.62,6.0,11.79,10.94,12.96,14.12,11.68,11.79,10.62,10.94,10.51,4.84,0.69
10.62,7.0,11.79,10.94,12.96,14.12,11.68,11.79,10.62,10.94,10.51,5.34,0.85
10.62,7.0,11.79,10.94,12.96,14.12,11.68,11.79,10.62,10.94,10.51,5.05,0.72
9.18,7.0,10.19,9.46,11.2,12.21,10.1,10.19,9.18,9.46,9.09,5.25,0.72
10.62,6.0,11.79,10.94,12.96,14.12,11.68,11.79,10.62,10.94,10.51,4.32,0.76
10.62,7.0,11.79,10.94,12.96,14.12,11.68,11.79,10.62,10.94,10.51,5.12,0.77
10.62,5.0,11.79,10.94,12.96,14.12,11.68,11.79,10.62,10.94,10.51,5.0,1.0
10.62,7.0,11.79,10.94,12.96,14.12,11.68,11.79,10.62,10.94,10.51,5.36,0.74
10.62,4.0,11.79,10.94,12.96,14.12,11.68,11.79,10.62,10.94,10.51,4.0,1.0
9.18,6.0,10.19,9.46,11.2,12.21,10.1,10.19,9.18,9.46,9.09,4.05,0.81
9.18,5.0,10.19,9.46,11.2,12.21,10.1,10.19,9.18,9.46,9.09,5.0,1.0
9.18,6.0,10.19,9.46,11.2,12.21,10.1,10.19,9.18,9.46,9.09,4.12,0.76
10.62,7.0,11.79,10.94,12.96,14.12,11.68,11.79,10.62,10.94,10.51,5.7,0.8
10.62,7.0,11.79,10.94,12.96,14.12,11.68,11.79,10.62,10.94,10.51,5.11,0.74
10.62,6.0,11.79,10.94,12.96,14.12,11.68,11.79,10.62,10.94,10.51,4.93,0.81
9.18,5.0,10.19,9.46,11.2,12.21,10.1,10.19,9.18,9.46,9.09,5.0,1.0
10.62,5.0,11.79,10.94,12.96,14.12,11.68,11.79,10.62,10.94,10.51,5.0,1.0
10.62,6.0,11.79,10.94,12.96,14.12,11.68,11.79,10.62,10.94,10.51,4.22,0.76
10.62,6.0,11.79,10.94,12.96,14.12,11.68,11.79,10.62,10.94,10.51,4.46,0.79
10.62,5.0,11.79,10.94,12.96,14.12,11.68,11.79,10.62,10.94,10.51,5.0,1.0
10.62,6.0,11.79,10.94,12.96,14.12,11.68,11.79,10.62,10.94,10.51,4.84,0.76
10.62,6.0,11.79,10.94,12.96,14.12,11.68,11.79,10.62,10.94,10.51,4.54,0.71
10.62,5.0,11.79,10.94,12.96,14.12,11.68,11.79,10.62,10.94,10.51,5.0,1.0
10.62,6.0,11.79,10.94,12.96,14.12,11.68,11.79,10.62,10.94,10.51,4.3,0.83
9.18,7.0,10.19,9.46,11.2,12.21,10.1,10.19,9.18,9.46,9.09,5.54,0.75
10.62,5.0,11.79,10.94,12.96,14.12,11.68,11.79,10.62,10.94,10.51,5.0,1.0
10.62,4.0,11.79,10.94,12.96,14.12,11.68,11.79,10.62,10.94,10.51,4.0,1.0
10.62,6.0,11.79,10.94,12.96,14.12,11.68,11.79,10.62,10.94,10.51,4.28,0.83
10.62,7.0,11.79,10.94,12.96,14.12,11.68,11.79,10.62,10.94,10.51,5.04,0.86
9.18,6.0,10.19,9.46,11.2,12.21,10.1,10.19,9.18,9.46,9.09,4.23,0.71
10.62,5.0,11.79,10.94,12.96,14.12,11.68,11.79,10.62,10.94,10.51,5.0,1.0
10.62,7.0,11.79,10.94,12.96,14.12,11.68,11.79,10.62,10.94,10.51,5.08,0.73
10.62,5.0,11.79,10.94,12.96,14.12,11.68,11.79,10.62,10.94,10.51,5.0,1.0
10.62,6.0,11.79,10.94,12.96,14.12,11.68,11.79,10.62,10.94,10.51,4.56,0.67
10.62,6.0,11.79,10.94,12.96,14.12,11.68,11.79,10.62,10.94,10.51,4.04,0.77
9.18,7.0,10.19,9.46,11.2,12.21,10.1,10.19,9.18,9.46,9.09,5.32,0.85
9.18,5.0,10.19,9.46,11.2,12.21,10.1,10.19,9.18,9.46,9.09,5.0,1.0
9.18,7.0,10.19,9.46,11.2,12.21,10.1,10.19,9.18,9.46,9.09,5.53,0.74
10.62,7.0,11.79,10.94,12.96,14.12,11.68,11.79,10.62,10.94,10.51,5.8,0.82
10.62,7.0,11.79,10.94,12.96,14.12,11.68,11.79,10.62,10.94,10.51,5.43,0.72
9.18,6.0,10.19,9.46,11.2,12.21,10.1,10.19,9.18,9.46,9.09,4.19,0.77
9.18,6.0,10.19,9.46,11.2,12.21,10.1,10.19,9.18,9.46,9.09,4.9,0.73
10.62,6.0,11.79,10.94,12.96,14.12,11.68,11.79,10.62,10.94,10.51,4.91,0.76
10.62,7.0,11.79,10.94,12.96,14.12,11.68,11.79,10.62,10.94,10.51,5.21,0.84
10.62,4.0,11.79,10.94,12.96,14.12,11.68,11.79,10.62,10.94,10.51,4.0,1.0
10.62,4.0,11.79,10.94,12.96,14.12,11.68,11.79,10.62,10.94,10.51,4.0,1.0
10.62,7.0,11.79,10.94,12.96,14.12,11.68,11.79,10.62,10.94,10.51,5.46,0.77
9.18,4.0,10.19,9.46,11.2,12.21,10.1,10.19,9.18,9.46,9.09,4.0,1.0
9.18,7.0,10.19,9.46,11.2,12.21,10.1,10.19,9.18,9.46,9.09,5.43,0.79
9.18,4.0,10.19,9.46,11.2,12.21,10.1,10.19,9.18,9.46,9.09,4.0,1.0
10.62,4.0,11.79,10.94,12.96,14.12,11.68,11.79,10.62,10.94,10.51,4.0,1.0
10.62,7.0,11.79,10.94,12.96,14.12,11.68,11.79,10.62,10.94,10.51,5.14,0.72
10.62,7.0,11.79,10.94,12.96,14.12,11.68,11.79,10.62,10.94,10.51,5.18,0.73
9.18,4.0,10.19,9.46,11.2,12.21,10.1,10.19,9.18,9.46,9.09,4.0,1.0
10.62,7.0,11.79,10.94,12.96,14.12,11.68,11.79,10.62,10.94,10.51,5.74,0.72
10.62,4.0,11.79,10.94,12.96,14.12,11.68,11.79,10.62,10.94,10.51,4.0,1.0
10.62,4.0,11.79,10.94,12.96,14.12,11.68,11.79,10.62,10.94,10.51,4.0,1.0
10.62,4.0,11.79,10.94,12.96,14.12,11.68,11.79,10.62,10.94,10.51,4.0,1.0
10.62,4.0,11.79,10.94,12.96,14.12,11.68,11.79,10.62,10.94,10.51,4.0,1.0
10.62,4.0,11.79,10.94,12.96,14.12,11.68,11.79,10.62,10.94,10.51,4.0,1.0
10.62,6.0,11.79,10.94,12.96,14.12,11.68,11.79,10.62,10.94,10.51,4.93,0.73
10.62,4.0,11.79,10.94,12.96,14.12,11.68,11.79,10.62,10.94,10.51,4.0,1.0
9.18,5.0,10.19,9.46,11.2,12.21,10.1,10.19,9.18,9.46,9.09,5.0,1.0
10.62,5.0,11.79,10.94,12.96,14.12,11.68,11.79,10.62,10.94,10.51,5.0,1.0
10.62,6.0,11.79,10.94,12.96,14.12,11.68,11.79,10.62,10.94,10.51,4.9,0.77
10.62,4.0,11.79,10.94,12.96,14.12,11.68,11.79,10.62,10.94,10.51,4.0,1.0
9.18,4.0,10.19,9.46,11.2,12.21,10.1,10.19,9.18,9.46,9.09,4.0,1.0
9.18,7.0,10.19,9.46,11.2,12.21,10.1,10.19,9.18,9.46,9.09,5.88,0.82
10.62,5.0,11.79,10.94,12.96,14.12,11.68,11.79,10.62,10.94,10.51,5.0,1.0
10.62,7.0,11.79,10.94,12.96,14.12,11.68,11.79,10.62,10.94,10.51,5.67,0.82
10.62,6.0,11.79,10.94,12.96,14.12,11.68,11.79,10.62,10.94,10.51,4.12,0.71
10.62,7.0,11.79,10.94,12.96,14.12,11.68,11.79,10.62,10.94,10.51,5.7,0.78
10.62,6.0,11.79,10.94,12.96,14.12,11.68,11.79,10.62,10.94,10.51,4.11,0.73
10.62,4.0,11.79,10.94,12.96,14.12,11.68,11.79,10.62,10.94,10.51,4.0,1.0
9.18,5.0,10.19,9.46,11.2,12.21,10.1,10.19,9.18,9.46,9.09,5.0,1.0
10.62,6.0,11.79,10.94,12.96,14.12,11.68,11.79,10.62,10.94,10.51,4.87,0.83
10.62,5.0,11.79,10.94,12.96,14.12,11.68,11.79,10.62,10.94,10.51,5.0,1.0
10.62,5.0,11.79,10.94,12.96,14.12,11.68,11.79,10.62,10.94,10.51,5.0,1.0
10.62,7.0,11.79,10.94,12.96,14.12,11.68,11.79,10.62,10.94,10.51,5.55,0.79
10.62,4.0,11.79,10.94,12.96,14.12,11.68,11.79,10.62,10.94,10.51,4.0,1.0
9.18,5.0,10.19,9.46,11.2,12.21,10.1,10.19,9.18,9.46,9.09,5.0,1.0
10.62,5.0,11.79,10.94,12.96,14.12,11.68,11.79,10.62,10.94,10.51,5.0,1.0
10.62,7.0,11.79,10.94,12.96,14.12,11.68,11.79,10.62,10.94,10.51,5.93,0.79
9.18,4.0,10.19,9.46,11.2,12.21,10.1,10.19,9.18,9.46,9.09,4.0,1.0
10.62,5.0,11.79,10.94,12.96,14.12,11.68,11.79,10.62,10.94,10.51,5.0,1.0
10.62,5.0,11.79,10.94,12.96,14.12,11.68,11.79,10.62,10.94,10.51,5.0,1.0
10.62,4.0,11.79,10.94,12.96,14.12,11.68,11.79,10.62,10.94,10.51,4.0,1.0
10.62,6.0,11.79,10.94,12.96,14.12,11.68,11.79,10.62,10.94,10.51,4.35,0.77
9.18,6.0,10.19,9.46,11.2,12.21,10.1,10.19,9.18,9.46,9.09,4.3,0.81
10.62,6.0,11.79,10.94,12.96,14.12,11.68,11.79,10.62,10.94,10.51,4.73,0.75
10.62,5.0,11.79,10.94,12.96,14.12,11.68,11.79,10.62,10.94,10.51,5.0,1.0
